id_cliente,nome,cpf,email,telefone,cidade,uf,canal_origem,data_cadastro,limite_credito,total_comprado,ativo,obs_sistema
1577,Carla Rodrigues,45390056340,carla.rodrigues@hotmail.com,(51) 93761-0724,Ijui,RS,Site,2023-10-30,13274.37,38027.9,Sim,
1337,Heitor Martins,38298099237,heitor.martins@outlook.com,93268-2425,Passo Fundo,RS,Telefone,2023-07-24,11949.97,29591.27,Nao,
1490,Lucas Martins,18728434306,lucas.martins@outlook.com,,Sta. Maria,RS,Whatsapp,2021-04-10,12129.74,85684.29,Sim,
1511,Karina Barbosa,69186750242,karina.barbosa@outlook.com,(51) 99542-9802,Santa Maria,RS,loja,2022-12-18,2231.99,15365.81,Sim,
1134,Isabel Oliveira,75465840951,isabel.oliveira@outlook.com,92370-3518,Sta. Maria,RS,Indicacao,2025-07-27,1586.62,56136.61,Nao,
1204,Tatiana Barbosa,,tatiana.barbosa@outlook.com,55 941658413 ramal 22,Poa,RS,Site,2022-09-16,9346.22,70095.1,Sim,
90035,Karina Silva,49049312228,karina.silva@hotmail.com,(54) 95408-0490,STO ANGELO,RS,Whatsapp,2025-06-10,7009.51,67087.11,Nao,
1098,Marina Rocha,,marina.rocha@hotmail.com,(55) 93822-3817,Ijui,RS,Whatsapp,2024-10-10,12586.65,39816.58,Sim,
1236,Joao Rodrigues,65581947688,joao.rodrigues@gmail.com,,Sta. Maria,RS,Indicacao,2024-06-28,2012.73,6708.69,Nao,
1074,Tatiana Martins,86229763140,,55943147125,Sta. Maria,RS,loja,2024-01-18,1160.91,88184.23,Nao,
1101,Carla Rocha,81296700089,carla.rocha@hotmail.com,91525-2150,Santo Angelo,RS,loja,2023-05-15,2044.76,13776.8,Nao,
1449,Renata Martins,,renata.martins@outlook.com,(11) 95898-4100,STO ANGELO,RS,loja,2025-07-13,1206.57,29806.17,Nao,
1466,Joao Almeida,08223465302,joao.almeida@outlook.com,11998357927,,RS,loja,2021-04-03,6848.56,2253.86,Sim,
1546,Nelson Silva,95804513750,nelson.silva@hotmail.com,(55) 98138-6368,Passo Fundo,RS,Telefone,2024-04-16,,37242.44,Sim,
1508,Lucas Almeida,36149693236,lucas.almeida@outlook.com,11931885057,Ijui,RS,loja,2025-02-27,5587.33,40687.96,Nao,
1141,Fabio Silva,,fabio.silva@hotmail.com,11906294943,Santo Angelo,RS,loja,2021-08-29,12138.94,14888.62,Sim,
1354,Isabel Silva,49654150443,isabel.silva@gmail.com,51926944676,Santo Angelo,RS,Site,2021-07-04,3537.27,30735.75,Sim,
1599,Tatiana Martins,95311276785,,(11) 90405-0104,porto alegre,RS,loja,2021-11-01,8752.29,52147.44,Nao,
1339,BRUNO OLIVEIRA,24452795289,bruno.oliveira@hotmail.com,(54) 94058-4805,Santa Maria,RS,Whatsapp,2021-09-22,11576.67,85876.94,Sim,
1591,ANA RODRIGUES,03900017992,ana.rodrigues@empresa.com.br,11931941709,porto alegre,RS,Indicacao,2023-09-09,5515.59,85356.6,Nao,
1552,SERGIO OLIVEIRA,42910795812,sergio.oliveira@hotmail.com,,porto alegre,RS,loja,2025-01-18,12630.49,41646.44,Nao,
1115,Karina Ferreira,,karina.ferreira@empresa.com.br,11926220139,Santa Maria,RS,loja,2021-02-25,1127.13,48076.46,Nao,
1132,Renata Pereira,74501424119,,95872-3980,Passo Fundo,RS,Whatsapp,2024-04-13,741.09,6493.98,Nao,
1242,Bruno Santos,85012783628,bruno.santos@gmail.com,54908187518,Sta. Maria,RS,Whatsapp,2021-03-30,8492.68,63844.48,Sim,
1571,JOAO BARBOSA,87566980397,joao.barbosa@gmail.com,(11) 93206-2407,Passo Fundo,RS,Whatsapp,2024-09-15,14104.17,86917.8,Sim,
1576,Marina Rocha,68709747227,marina.rocha@hotmail.com,(11) 97302-1237,Passo Fundo,RS,loja,2021-07-28,8355.13,64696.36,Nao,
1372,RENATA SILVA,82476709383,renata.silva@outlook.com,(54) 95543-1040,Passo Fundo,RS,Site,2025-05-21,7860.62,62407.33,Sim,
1343,Karina Rodrigues,,,(11) 98599-8838,Ijui,RS,loja,2024-06-09,10909.53,35186.39,Sim,
1446,Elisa Costa,45239667052,elisa.costa@hotmail.com,54 990528735 ramal 22,Poa,RS,loja,2024-09-11,6913.14,32526.19,Sim,
1525,Bruno Oliveira,58380313797,bruno.oliveira@gmail.com,(11) 98611-5120,,RS,Site,2023-01-09,2563.97,39590.46,Nao,
1200,Isabel Pereira,70516772915,isabel.pereira@gmail.com,94750-3374,Passo Fundo,RS,Whatsapp,2022-07-03,3199.98,71064.5,Nao,
1440,Carla Ferreira,38061732036,carla.ferreira@gmail.com,(54) 93388-5578,P. Alegre,RS,Whatsapp,2022-09-16,11396.13,13156.98,Sim,
90020,Joao Oliveira,83802298060,joao.oliveira@hotmail.com,(51) 98682-0670,Ijui,RS,Site,2022-07-15,12001.76,41745.18,Nao,
1108,Elisa Souza,62943480686,elisa.souza@empresa.com.br,94529-7085,Santo Angelo,RS,loja,2022-09-07,8047.44,81682.95,Sim,
90027,Elisa Silva,02545077894,elisa.silva@outlook.com,,porto alegre,RS,loja,2021-04-07,7774.21,44759.41,Nao,
1323,Vinicius Oliveira,53191516213,vinicius.oliveira@empresa.com.br,54973696693,Sta. Maria,RS,Site,2025-03-07,9290.83,22721.08,Sim,
1538,Fabio Rocha,42095662759,fabio.rocha@gmail.com,97176-1863,porto alegre,RS,Site,2022-04-14,2492.74,69740.19,Sim,
1541,Marina Oliveira,42161121313,marina.oliveira@hotmail.com,(55) 94196-4323,porto alegre,RS,Site,2025-10-07,10963.86,38392.6,Sim,
1259,Tatiana Ferreira,34075702958,tatiana.ferreira@empresa.com.br,97038-7635,Passo Fundo,RS,Site,2025-01-11,3624.98,20201.42,Nao,
1533,Diego Rodrigues,42694002659,diego.rodrigues@empresa.com.br,51 943769522 ramal 22,Santo Angelo,RS,loja,2025-02-06,13189.92,69365.35,Sim,
1336,Bruno Martins,,bruno.martins@hotmail.com,55921337741,porto alegre,RS,Whatsapp,2021-12-19,13248.84,37502.68,Sim,
1244,Fabio Almeida,69470658989,,,Ijui,RS,Telefone,2022-06-16,,87971.13,Nao,
1053,Isabel Almeida,40532610008,isabel.almeida@empresa.com.br,51996114593,Poa,RS,loja,2023-05-31,2816.06,89254.42,Sim,
1300,Elisa Costa,33713123019,elisa.costa@hotmail.com,90683-4907,Poa,RS,Whatsapp,2021-07-15,14553.06,,Sim,
1249,GABRIELA PEREIRA,15951548536,gabriela.pereira@outlook.com,55902841507,Santo Angelo,RS,Site,2025-10-13,10648.16,14534.83,Nao,
1565,DIEGO MARTINS,15669647251,,,Ijui,RS,loja,2022-02-17,,4606.16,Sim,
1155,Nelson Ferreira,03623035317,nelson.ferreira@empresa.com.br,(51) 93078-3092,STO ANGELO,RS,Whatsapp,2021-09-17,5412.86,67905.22,Nao,
1387,Carla Pereira,79360729360,carla.pereira@hotmail.com,11 956092065 ramal 22,Passo Fundo,RS,Whatsapp,2022-11-09,13409.82,43068.8,Sim,
1501,Lucas Rocha,93388766823,lucas.rocha@hotmail.com,(51) 97491-7465,Ijui,RS,Site,2023-02-01,12378.86,33113.13,Nao,
1168,GABRIELA FERREIRA,80043418799,gabriela.ferreira@hotmail.com,,STO ANGELO,RS,loja,2021-06-16,3650.42,33138.91,Nao,
1470,Lucas Rodrigues,47086636494,lucas.rodrigues@empresa.com.br,(51) 95194-8478,Passo Fundo,RS,Indicacao,2021-08-23,11527.74,14046.52,Nao,
1099,Elisa Silva,43958244583,elisa.silva@hotmail.com,51956243813,Santa Maria,RS,Whatsapp,2021-03-25,,10991.45,Nao,
1140,Olivia Martins,26128485139,olivia.martins@hotmail.com,11926163545,Santo Angelo,RS,Indicacao,2023-06-30,657.14,54437.7,Sim,
1455,Nelson Rodrigues,,,(55) 95552-4878,porto alegre,RS,Telefone,2024-07-14,13525.38,9419.73,Sim,
1142,Heitor Rodrigues,,,,Santa Maria,RS,Site,2024-08-13,,27286.92,Nao,
90010,Bruno Pereira,56956805825,bruno.pereira@empresa.com.br,51951821563,Passo Fundo,RS,loja,2023-09-03,6257.25,40835.82,Sim,
90023,Marina Souza,68385402550,marina.souza@gmail.com,(51) 99396-0171,porto alegre,RS,Indicacao,2025-06-24,14070.09,66711.16,Nao,
1318,VINICIUS SILVA,97452896515,vinicius.silva@empresa.com.br,93462-0136,Santa Maria,RS,Whatsapp,2025-08-14,6224.16,2277.16,Sim,
1431,Elisa Almeida,02927820010,elisa.almeida@empresa.com.br,55965297336,Passo Fundo,RS,loja,2025-11-23,7943.92,30352.84,Sim,
1239,Marina Almeida,20824861766,marina.almeida@outlook.com,(54) 92853-5055,porto alegre,RS,Site,2025-08-03,8234.68,60267.85,Nao,
1252,Nelson Santos,83581019353,nelson.santos@outlook.com,11992213710,porto alegre,RS,Telefone,2021-04-19,13389.04,67435.96,Nao,
1570,Karina Rocha,98821077860,karina.rocha@outlook.com,11 960931020 ramal 22,Santa Maria,RS,Telefone,2022-12-10,14283.49,,Sim,
1429,Marina Souza,24440465135,marina.souza@empresa.com.br,(51) 98533-7003,Passo Fundo,RS,loja,2022-12-22,,64796.46,Nao,
1192,Tatiana Pereira,90986573689,,93570-4427,Ijui,RS,Indicacao,2025-06-15,3165.31,88910.1,Sim,
90032,Karina Martins,94964234664,karina.martins@hotmail.com,98430-4381,Ijui,RS,loja,2024-12-03,6955.24,86018.92,Nao,
1070,Tatiana Souza,37249795836,tatiana.souza@hotmail.com,(51) 98184-6092,Passo Fundo,RS,loja,2023-04-02,3857.69,80218.86,Nao,
1463,Vinicius Costa,,vinicius.costa@empresa.com.br,96707-3896,porto alegre,RS,loja,2023-07-01,2516.09,82471.72,Nao,
1540,GABRIELA COSTA,06819426685,,(11) 92724-6664,Santo Angelo,RS,Telefone,2025-07-26,3251.95,41336.51,Nao,
1395,Vinicius Rocha,72112973405,vinicius.rocha@hotmail.com,11994053691,Santo Angelo,RS,Whatsapp,2023-11-12,2846.27,5359.02,Nao,
1109,LUCAS ROCHA,73957614565,lucas.rocha@empresa.com.br,(54) 99786-2502,Sta. Maria,RS,loja,2024-05-23,5759.75,47640.9,Nao,
1281,PAULO SOUZA,46737716834,paulo.souza@gmail.com,11974744903,STO ANGELO,RS,Indicacao,2024-03-21,1559.96,86592.09,Nao,
1285,Fabio Souza,,,55 900402428 ramal 22,porto alegre,RS,loja,2023-09-08,,,Nao,
1305,Gabriela Souza,18356138573,gabriela.souza@hotmail.com,54 943006936 ramal 22,Sta. Maria,RS,Whatsapp,2022-06-22,3587.69,77789.94,Sim,
1304,Isabel Martins,03893448282,,55961459226,STO ANGELO,RS,Telefone,2021-07-28,697.57,14270.76,Nao,
1484,Joao Souza,01900184790,,51 977224563 ramal 22,Ijui,RS,loja,2023-03-29,7365.58,75561.56,Sim,
1355,ANA COSTA,31804155379,ana.costa@outlook.com,(55) 90170-9817,Santa Maria,RS,loja,2025-05-13,14078.85,22360.32,Sim,
90006,Paulo Pereira,50849922134,paulo.pereira@empresa.com.br,92039-9089,porto alegre,RS,Site,2024-08-26,9009.82,69015.83,Nao,
1154,Marina Almeida,14826500069,marina.almeida@empresa.com.br,,,RS,Indicacao,2025-07-17,2309.48,51039.79,Nao,
1271,TATIANA MARTINS,05287644669,tatiana.martins@hotmail.com,98126-0469,Passo Fundo,RS,Indicacao,2023-10-12,5100.25,61922.44,Sim,
1385,Ana Rodrigues,96614885306,,(51) 97772-2002,porto alegre,RS,Indicacao,2021-07-15,2037.64,69261.89,Sim,
1327,Vinicius Oliveira,59200628015,,(54) 91177-1763,Santo Angelo,RS,Site,2022-06-09,14321.91,26380.9,Nao,migrado 2019
1013,SERGIO PEREIRA,35205617483,sergio.pereira@gmail.com,51926906044,Santa Maria,RS,Telefone,2025-09-22,11868.6,68788.02,Nao,
1377,Renata Oliveira,63150461638,renata.oliveira@empresa.com.br,51962678020,Santa Maria,RS,Whatsapp,2021-06-01,12841.2,61982.18,Sim,
1498,Heitor Silva,70840450384,heitor.silva@gmail.com,(54) 95183-2507,Ijui,RS,Indicacao,2022-08-23,941.39,65037.73,Nao,
1213,Lucas Santos,73284857469,lucas.santos@hotmail.com,51988902752,,RS,Site,2025-06-25,1839.57,,Sim,
1292,VINICIUS SILVA,34762692457,vinicius.silva@hotmail.com,98202-5903,Sta. Maria,RS,Whatsapp,2025-11-08,10721.73,23914.52,Nao,
1270,Ana Oliveira,,ana.oliveira@gmail.com,(55) 98326-1215,Sta. Maria,RS,loja,2025-10-25,11847.26,48529.97,Nao,
1272,FABIO SOUZA,95582491678,fabio.souza@empresa.com.br,51937907279,Ijui,RS,loja,2025-02-26,10537.07,4901.14,Sim,
1289,ISABEL ALMEIDA,10515655127,isabel.almeida@outlook.com,,Sta. Maria,RS,Whatsapp,2022-10-22,10859.77,13683.73,Sim,
1003,Marina Rodrigues,84656321223,marina.rodrigues@gmail.com,54944026859,Passo Fundo,RS,Whatsapp,2025-02-24,11809.56,71808.58,Sim,
1262,Ana Rodrigues,60197509211,ana.rodrigues@gmail.com,(51) 93885-4097,P. Alegre,RS,Indicacao,2024-11-04,1308.66,74343.93,Nao,
90029,Sergio Pereira,85260803310,,90566-1390,porto alegre,RS,Telefone,2024-01-25,13612.34,61467.62,Sim,
90012,Marina Costa,55678900866,marina.costa@gmail.com,11960254981,P. Alegre,RS,Site,2025-06-27,668.65,21226.68,Sim,
1229,CARLA SANTOS,03498055173,,(54) 90929-0012,Ijui,RS,loja,2025-04-28,5376.45,88328.75,Sim,
1590,NELSON FERREIRA,59644375706,nelson.ferreira@empresa.com.br,(11) 94321-7729,STO ANGELO,RS,Whatsapp,2022-12-10,3703.52,7570.77,Sim,
1417,Marina Souza,56703004043,,51942039786,Santa Maria,RS,Indicacao,2025-04-18,4303.54,16890.3,Sim,
1052,Renata Pereira,33312459956,renata.pereira@hotmail.com,(11) 95157-1259,Ijui,RS,loja,2023-01-30,14860.87,43768.4,Sim,
1017,KARINA SILVA,61304451669,karina.silva@empresa.com.br,51941042346,Passo Fundo,RS,Whatsapp,2021-09-16,12273.45,82208.15,Nao,
1468,Isabel Pereira,08792232530,isabel.pereira@hotmail.com,,Sta. Maria,RS,Whatsapp,2025-08-06,,33447.08,Nao,
1050,Karina Pereira,72215267674,karina.pereira@outlook.com,,Santo Angelo,RS,Whatsapp,2021-11-02,9225.84,72673.33,Sim,
1376,ANA OLIVEIRA,70521404770,ana.oliveira@empresa.com.br,11910083233,Sta. Maria,RS,Indicacao,2024-10-30,1418.86,87404.21,Sim,
1397,Paulo Barbosa,56882370207,paulo.barbosa@outlook.com,(51) 96017-3238,Santo Angelo,RS,Telefone,2023-08-28,12801.03,38499.47,Sim,
1277,HEITOR SILVA,49357914304,heitor.silva@gmail.com,(11) 97667-3564,Ijui,RS,Whatsapp,2022-06-20,,7178.8,Sim,
1222,Fabio Ferreira,96434691634,fabio.ferreira@gmail.com,,Passo Fundo,RS,Site,2025-04-08,6165.42,62489.97,Nao,
1278,Elisa Almeida,41887205942,elisa.almeida@gmail.com,55995363091,Ijui,RS,loja,2021-07-02,6583.87,31711.83,Sim,
1420,Diego Ferreira,42278334726,diego.ferreira@hotmail.com,99146-3935,Santo Angelo,RS,Site,2022-12-09,4515.67,26051.11,Sim,
1232,TATIANA SANTOS,04977867085,tatiana.santos@empresa.com.br,11960553190,P. Alegre,RS,Site,2024-09-13,1765.64,63065.7,Sim,
1437,Marina Pereira,98571577110,marina.pereira@empresa.com.br,(51) 94932-9012,Passo Fundo,RS,Site,2021-06-13,7770.92,33595.89,Nao,
1057,Elisa Oliveira,23911974232,elisa.oliveira@hotmail.com,(54) 90186-0855,Santo Angelo,RS,loja,2021-08-07,11563.22,59893.4,Nao,
1179,Diego Rodrigues,54414360636,,(11) 90136-4309,Sta. Maria,RS,Site,2025-02-11,3587.51,51650.93,Nao,
1030,BRUNO RODRIGUES,16978464936,,92009-7737,P. Alegre,RS,Whatsapp,2022-03-05,1473.25,32879.91,Sim,
1110,ISABEL FERREIRA,,isabel.ferreira@hotmail.com,96656-6755,porto alegre,RS,Telefone,2025-09-08,4686.77,61371.51,Nao,
1536,Paulo Souza,93931990822,paulo.souza@gmail.com,51948932777,porto alegre,RS,Whatsapp,2023-05-12,3136.4,35412.01,Sim,
1055,Heitor Santos,71601755371,heitor.santos@hotmail.com,51927827246,Santo Angelo,RS,Site,2023-10-29,4799.99,23460.49,Nao,
1396,Ana Silva,90065862110,ana.silva@hotmail.com,,Ijui,RS,Indicacao,2024-07-03,14555.77,54905.29,Nao,
1562,Paulo Souza,64118607787,paulo.souza@outlook.com,(55) 91817-8863,Passo Fundo,RS,Telefone,2021-11-15,,80271.53,Nao,
1572,Diego Ferreira,54600068019,diego.ferreira@outlook.com,(54) 99905-8768,,RS,Whatsapp,2025-09-15,8412.61,23903.0,Sim,
1491,FABIO SOUZA,,fabio.souza@outlook.com,99508-0379,porto alegre,RS,Site,2024-01-17,10366.07,73418.57,Sim,
1022,Renata Santos,43373441979,renata.santos@hotmail.com,,Santa Maria,RS,Whatsapp,2023-02-20,10824.5,10188.5,Sim,
1394,Tatiana Souza,43860554024,tatiana.souza@outlook.com,,Santa Maria,RS,loja,2025-01-09,14191.47,56868.8,Sim,
1519,Paulo Costa,66502385535,paulo.costa@empresa.com.br,51906783684,Passo Fundo,RS,Whatsapp,2024-05-17,7751.89,80582.17,Sim,
1459,Joao Oliveira,32921080851,,,Passo Fundo,RS,Site,2021-07-07,10062.82,51082.26,Nao,
1471,KARINA RODRIGUES,03922707331,karina.rodrigues@empresa.com.br,(11) 93269-9360,Passo Fundo,RS,Whatsapp,2024-08-14,4504.19,20638.22,Sim,
1051,Karina Costa,90429248758,karina.costa@empresa.com.br,54934906734,Passo Fundo,RS,Whatsapp,2023-07-20,8274.2,5636.81,Sim,
1046,Carla Oliveira,09051877203,carla.oliveira@hotmail.com,55957883465,Passo Fundo,RS,Site,2022-05-09,12502.14,45337.43,Nao,
1580,Lucas Rodrigues,67447420118,lucas.rodrigues@outlook.com,11973673147,P. Alegre,RS,loja,2023-05-18,7088.5,48504.51,Sim,
90003,Paulo Barbosa,00909808704,paulo.barbosa@outlook.com,55938645073,porto alegre,RS,Whatsapp,2024-01-10,6111.76,71867.27,Sim,
1344,Olivia Rodrigues,68620769863,,93953-4112,Santa Maria,RS,Site,2024-08-27,12579.46,53178.44,Sim,
1321,Renata Souza,49285310646,renata.souza@hotmail.com,93037-9191,Ijui,RS,Site,2021-10-05,4457.4,57668.61,Sim,
1532,Elisa Pereira,60090271621,elisa.pereira@gmail.com,11987951216,Ijui,RS,Indicacao,2022-10-27,4624.42,67603.66,Nao,
1191,Lucas Ferreira,72275296813,lucas.ferreira@outlook.com,(54) 91856-3950,Sta. Maria,RS,Site,2024-06-03,8804.3,18759.57,Nao,
1058,Bruno Oliveira,58781153569,bruno.oliveira@gmail.com,(51) 97780-8820,Passo Fundo,RS,Indicacao,2022-09-11,1988.79,73543.83,Nao,
1146,Sergio Rodrigues,63076612924,sergio.rodrigues@gmail.com,(51) 90521-7212,porto alegre,RS,Whatsapp,2021-08-02,12926.5,36811.5,Nao,
1408,Nelson Pereira,51410808093,,55903870994,Santo Angelo,RS,Whatsapp,2021-10-22,6387.43,36710.66,Nao,
1473,Gabriela Oliveira,64009774080,gabriela.oliveira@gmail.com,55916463330,Ijui,RS,Telefone,2023-04-21,1000.68,71841.3,Sim,
1097,RENATA ALMEIDA,36684432038,renata.almeida@empresa.com.br,54955378050,P. Alegre,RS,loja,2024-03-13,,63950.05,Nao,
90033,GABRIELA ALMEIDA,20756279411,gabriela.almeida@empresa.com.br,(54) 96159-9379,Passo Fundo,RS,Indicacao,2021-06-08,14794.98,76425.28,Nao,
1574,Carla Souza,,carla.souza@outlook.com,(11) 96574-6585,Passo Fundo,RS,Indicacao,2024-02-10,5391.55,,Nao,
1418,GABRIELA SANTOS,75835342716,gabriela.santos@empresa.com.br,(51) 96311-7512,Passo Fundo,RS,Whatsapp,2023-05-02,6486.72,29581.51,Sim,
1023,Karina Souza,04655721014,karina.souza@empresa.com.br,,Santa Maria,RS,Indicacao,2022-04-05,,80729.4,Sim,
1360,HEITOR MARTINS,70358827000,heitor.martins@hotmail.com,,Ijui,RS,Indicacao,2021-09-06,782.39,60065.42,Nao,
1406,Paulo Almeida,97611500277,paulo.almeida@hotmail.com,(55) 90674-6819,Santa Maria,RS,loja,2025-07-16,1249.43,33143.51,Nao,
1159,ELISA SILVA,95897983483,elisa.silva@outlook.com,55988939482,Passo Fundo,RS,Telefone,2025-06-12,1132.32,10701.14,Nao,
1467,Fabio Ferreira,,fabio.ferreira@gmail.com,(51) 91651-6879,Poa,RS,Site,2025-03-20,10712.35,88597.84,Nao,
1358,Diego Oliveira,55673629466,diego.oliveira@hotmail.com,55 941706338 ramal 22,,RS,Whatsapp,2025-03-28,7642.53,37607.18,Sim,
1346,Olivia Oliveira,,olivia.oliveira@empresa.com.br,(54) 96867-0190,Santa Maria,RS,Site,2023-01-11,11507.43,8358.43,Sim,
1593,Joao Souza,05316932220,joao.souza@outlook.com,51938553570,Sta. Maria,RS,Telefone,2023-02-22,5877.32,72686.98,Nao,
1273,Paulo Costa,59262536287,paulo.costa@gmail.com,(51) 91647-2263,porto alegre,RS,Telefone,2022-09-05,7342.38,1883.13,Sim,
1002,NELSON SILVA,55979711471,nelson.silva@outlook.com,(11) 94650-7529,porto alegre,RS,Site,2021-08-19,4090.42,78427.98,Nao,
1202,Bruno Ferreira,24892844947,bruno.ferreira@hotmail.com,93929-3723,porto alegre,RS,Site,2024-02-11,7388.79,69679.51,Sim,
1082,MARINA PEREIRA,97530379022,marina.pereira@outlook.com,55 959989208 ramal 22,Passo Fundo,RS,Whatsapp,2025-11-19,9702.04,25342.52,Sim,
1521,FABIO ALMEIDA,28759582865,fabio.almeida@empresa.com.br,,Santo Angelo,RS,loja,2025-09-11,1994.99,44385.28,Nao,
1585,PAULO SANTOS,02358698371,paulo.santos@gmail.com,,Passo Fundo,RS,loja,2022-10-03,1418.36,89144.4,Nao,
1245,Renata Oliveira,12569085818,renata.oliveira@hotmail.com,(51) 97187-5519,Poa,RS,Whatsapp,2025-09-17,12203.88,77246.16,Nao,
1209,Nelson Oliveira,99850788205,nelson.oliveira@empresa.com.br,(51) 97017-1196,STO ANGELO,RS,Telefone,2023-05-24,13679.03,50278.86,Sim,
1038,Ana Almeida,57089319426,ana.almeida@hotmail.com,(51) 90571-7279,STO ANGELO,RS,Site,2021-08-01,14105.19,14921.19,Nao,
1409,GABRIELA COSTA,21456615944,gabriela.costa@gmail.com,96442-7931,Ijui,RS,Whatsapp,2021-09-17,7021.57,41602.04,Sim,
1010,Lucas Silva,,lucas.silva@gmail.com,55902426462,Passo Fundo,RS,Whatsapp,2022-10-24,1334.13,38278.53,Sim,
1504,Sergio Rodrigues,30686685354,sergio.rodrigues@gmail.com,,Santo Angelo,RS,loja,2023-07-13,8304.85,59181.37,Nao,
1032,Lucas Silva,24562418057,lucas.silva@gmail.com,95465-9255,Sta. Maria,RS,loja,2024-11-24,14390.71,46449.61,Nao,
1220,RENATA FERREIRA,38374999850,renata.ferreira@hotmail.com,(54) 92027-2084,porto alegre,RS,loja,2021-02-12,10441.82,12135.55,Nao,
1425,Diego Almeida,10767444591,diego.almeida@empresa.com.br,11996660651,Santa Maria,RS,Indicacao,2023-11-06,5471.45,62764.77,Nao,
1487,Fabio Silva,,fabio.silva@empresa.com.br,97548-1354,Passo Fundo,RS,Telefone,2023-12-17,11998.61,42354.21,Nao,
1333,KARINA ROCHA,58370167366,karina.rocha@gmail.com,(11) 92640-5925,Ijui,RS,loja,2023-05-06,3651.29,45464.46,Sim,
1025,ELISA MARTINS,75918362361,elisa.martins@empresa.com.br,(55) 92611-4913,Sta. Maria,RS,loja,2024-01-30,6544.19,60669.78,Nao,
1375,Sergio Ferreira,74461537186,sergio.ferreira@gmail.com,(51) 95688-9857,Poa,RS,loja,2022-11-06,11655.56,28936.37,Sim,
1217,Ana Almeida,75097290275,ana.almeida@empresa.com.br,95011-7086,Santo Angelo,RS,loja,2021-03-26,6147.15,47823.45,Nao,
1563,Elisa Oliveira,83064997741,elisa.oliveira@gmail.com,,,RS,Indicacao,2024-12-08,8291.92,60836.27,Sim,
1283,Sergio Pereira,,sergio.pereira@hotmail.com,55 991127298 ramal 22,Ijui,RS,loja,2024-01-04,,22971.23,Nao,
1414,OLIVIA ALMEIDA,16850054876,olivia.almeida@gmail.com,91300-3521,Passo Fundo,RS,Site,2021-11-11,10450.39,67411.38,Sim,
1187,Diego Silva,39657852614,diego.silva@outlook.com,54965743746,Ijui,RS,Whatsapp,2024-01-04,6938.16,44505.46,Nao,
1324,Nelson Rocha,33277381712,nelson.rocha@outlook.com,,Passo Fundo,RS,Indicacao,2023-05-07,13756.2,48520.75,Nao,
1089,Lucas Silva,24012024285,lucas.silva@hotmail.com,,Ijui,RS,loja,2024-11-23,,9438.15,Nao,
1065,Sergio Costa,88667509570,sergio.costa@hotmail.com,55986892367,STO ANGELO,RS,loja,2022-06-11,5816.54,27956.7,Sim,
1392,MARINA ROCHA,27970990347,marina.rocha@gmail.com,54904093864,STO ANGELO,RS,Telefone,2025-11-05,6501.34,9884.11,Sim,
1384,Heitor Santos,02811200909,heitor.santos@gmail.com,,Sta. Maria,RS,Telefone,2022-03-24,11551.73,48725.24,Sim,
1403,Nelson Ferreira,69622839011,nelson.ferreira@empresa.com.br,55920174452,Santo Angelo,RS,Whatsapp,2025-01-27,2526.87,33581.37,Sim,
1450,CARLA RODRIGUES,29286436152,carla.rodrigues@outlook.com,55948788553,Passo Fundo,RS,loja,2025-08-29,10261.3,13992.55,Sim,
1588,DIEGO OLIVEIRA,88281341887,diego.oliveira@empresa.com.br,51987720866,porto alegre,RS,loja,2024-02-25,3426.5,63190.43,Nao,
1193,Diego Costa,92264159214,diego.costa@empresa.com.br,(11) 94854-0353,Passo Fundo,RS,Site,2021-10-29,846.32,27806.26,Sim,
1240,JOAO SOUZA,96614172529,joao.souza@outlook.com,54932729411,Ijui,RS,loja,2022-08-24,7396.44,10527.65,Sim,
1371,Lucas Barbosa,35082847077,lucas.barbosa@gmail.com,(11) 99533-3782,STO ANGELO,RS,Whatsapp,2025-04-16,2455.82,66136.6,Nao,
1390,Tatiana Rocha,60479890753,tatiana.rocha@empresa.com.br,(11) 94027-1074,Poa,RS,Site,2022-06-25,8911.44,53946.35,Sim,
1040,Elisa Pereira,83449223598,elisa.pereira@hotmail.com,94121-3622,Ijui,RS,Site,2022-04-25,9750.72,18579.96,Sim,
1518,Isabel Silva,,,(54) 95072-8396,Santo Angelo,RS,Site,2021-04-04,6881.92,76997.52,Sim,
1248,PAULO OLIVEIRA,80231002340,paulo.oliveira@hotmail.com,98725-7178,porto alegre,RS,loja,2024-02-29,8692.26,15293.84,Nao,
1329,Tatiana Santos,58486086529,tatiana.santos@gmail.com,55 937011316 ramal 22,Ijui,RS,Indicacao,2021-04-19,3496.44,39031.62,Sim,
1172,Ana Santos,77033505668,ana.santos@outlook.com,,,RS,Whatsapp,2021-09-18,13585.19,45775.12,Nao,
1573,VINICIUS BARBOSA,19915015953,vinicius.barbosa@hotmail.com,95888-2883,Santa Maria,RS,Telefone,2021-03-06,10393.26,16657.13,Sim,
1407,Karina Barbosa,52688364111,karina.barbosa@outlook.com,(11) 99635-6308,Sta. Maria,RS,loja,2023-09-24,4162.86,5545.36,Sim,
1506,Heitor Costa,37784809427,heitor.costa@outlook.com,(11) 96527-3977,porto alegre,RS,Telefone,2022-02-12,8509.38,4146.25,Sim,
1595,ANA COSTA,59866202611,,54933644447,STO ANGELO,RS,loja,2024-02-24,2279.68,16308.65,Sim,
1056,Paulo Santos,,,11920420785,Sta. Maria,RS,Indicacao,2023-01-15,,36804.65,Sim,
1228,Karina Rodrigues,,karina.rodrigues@hotmail.com,,Ijui,RS,Indicacao,2021-07-06,7369.74,,Nao,
1071,RENATA COSTA,13426456724,,(55) 96073-6512,Sta. Maria,RS,Telefone,2025-07-20,1079.98,17827.89,Sim,
1433,HEITOR PEREIRA,45095835699,heitor.pereira@gmail.com,55 946001176 ramal 22,Ijui,RS,loja,2022-08-09,2209.79,11680.75,Sim,
1235,Paulo Oliveira,73892172441,paulo.oliveira@empresa.com.br,11980560481,Passo Fundo,RS,Site,2025-08-25,12168.5,54445.75,Sim,
1090,Carla Santos,86023828818,,(51) 95331-4204,porto alegre,RS,Indicacao,2023-03-09,11948.02,24048.71,Sim,
1166,Gabriela Rodrigues,24829285488,gabriela.rodrigues@empresa.com.br,,Sta. Maria,RS,Indicacao,2025-07-16,12864.87,49484.88,Sim,
1294,Isabel Barbosa,70306748880,isabel.barbosa@empresa.com.br,54921948674,Ijui,RS,loja,2023-03-06,2042.01,25326.5,Nao,
1170,Fabio Costa,76631262825,,(54) 91293-2798,Poa,RS,loja,2021-07-05,13984.29,3447.79,Nao,
1054,Isabel Pereira,04870125034,,(51) 97554-6157,P. Alegre,RS,loja,2022-10-26,13436.46,82132.82,Sim,
1410,Fabio Almeida,01505366230,fabio.almeida@outlook.com,54 946841595 ramal 22,STO ANGELO,RS,loja,2025-11-02,7966.66,69553.72,Sim,
1313,Gabriela Ferreira,87377207518,gabriela.ferreira@gmail.com,95783-5506,Passo Fundo,RS,Indicacao,2022-06-13,14017.13,47989.74,Sim,
1351,Lucas Pereira,32947307323,lucas.pereira@hotmail.com,(11) 94616-4306,Passo Fundo,RS,Site,2024-06-17,6383.03,53879.18,Nao,
1066,Karina Rodrigues,84838362099,karina.rodrigues@gmail.com,(51) 90480-4619,Ijui,RS,loja,2022-05-19,8522.12,58213.02,Sim,
1280,Elisa Rocha,,,,porto alegre,RS,loja,2025-01-07,11712.51,43777.43,Nao,
1319,Isabel Oliveira,24396935125,isabel.oliveira@outlook.com,(54) 90131-4683,porto alegre,RS,Indicacao,2024-09-01,7596.54,81712.35,Sim,
1534,KARINA MARTINS,24578691083,,11995157916,Santo Angelo,RS,Whatsapp,2023-11-03,,79691.39,Sim,
90018,Renata Souza,69517996890,renata.souza@empresa.com.br,(54) 95379-0741,STO ANGELO,RS,Site,2024-06-20,7552.79,26768.14,Sim,
1120,Vinicius Pereira,06805385503,vinicius.pereira@gmail.com,51 905655181 ramal 22,,RS,Indicacao,2021-05-31,10120.58,82556.42,Nao,
1330,Carla Rodrigues,26380011914,carla.rodrigues@gmail.com,(55) 97161-3698,Passo Fundo,RS,Telefone,2021-06-29,13800.81,38625.69,Sim,
1087,Ana Martins,88382495222,ana.martins@outlook.com,,Santa Maria,RS,Telefone,2025-03-26,1448.86,36166.84,Sim,
1214,ANA SILVA,,ana.silva@hotmail.com,54 917915657 ramal 22,Santo Angelo,RS,loja,2021-03-04,12047.33,9138.29,Nao,
1188,Renata Rocha,30765618162,renata.rocha@hotmail.com,11 974979922 ramal 22,Santa Maria,RS,loja,2023-01-20,8275.62,78863.66,Sim,
1582,GABRIELA SANTOS,84737658146,,93097-9539,Passo Fundo,RS,Site,2023-04-16,5199.68,68661.57,Nao,
1173,Nelson Silva,23724632604,nelson.silva@empresa.com.br,(54) 95120-1404,Poa,RS,loja,2024-06-19,9814.65,26910.42,Nao,
90016,Lucas Pereira,09303258524,lucas.pereira@gmail.com,93215-3570,Santo Angelo,RS,Whatsapp,2023-06-30,5536.78,48482.74,Sim,
1500,Fabio Souza,,fabio.souza@hotmail.com,,Sta. Maria,RS,Site,2024-09-10,13881.36,86990.0,Sim,
1542,Carla Martins,34721275630,,,Ijui,RS,Whatsapp,2025-01-11,13867.23,52391.31,Nao,
1458,Joao Souza,76614460016,joao.souza@hotmail.com,55963436768,Passo Fundo,RS,Indicacao,2025-03-15,515.39,66665.42,Sim,
1118,BRUNO BARBOSA,76083028731,bruno.barbosa@hotmail.com,99188-5113,Santo Angelo,RS,Whatsapp,2022-06-21,4983.54,44472.23,Nao,
1119,Gabriela Silva,,gabriela.silva@gmail.com,,porto alegre,RS,Whatsapp,2025-07-01,6043.24,14664.14,Nao,
1340,BRUNO ROCHA,90036703129,bruno.rocha@empresa.com.br,,Santo Angelo,RS,Whatsapp,2024-11-20,2020.63,63479.05,Nao,
1445,Diego Ferreira,00929986658,,(51) 91759-4946,Ijui,RS,Telefone,2023-06-05,6195.6,72457.44,Sim,
1256,Ana Rodrigues,,ana.rodrigues@outlook.com,92468-1527,P. Alegre,RS,Whatsapp,2021-07-10,11532.35,35189.02,Nao,
1138,Bruno Rocha,44856642385,bruno.rocha@gmail.com,95280-8757,,RS,Whatsapp,2021-09-08,1955.76,2339.0,Nao,
1145,Paulo Santos,99940561580,paulo.santos@outlook.com,(11) 92601-3302,Passo Fundo,RS,loja,2024-06-28,2268.99,81625.71,Sim,
1148,Nelson Rocha,65799256343,,,Sta. Maria,RS,Whatsapp,2022-09-21,11475.76,68494.62,Sim,
1284,Renata Oliveira,,renata.oliveira@outlook.com,55 912904561 ramal 22,Sta. Maria,RS,Whatsapp,2024-03-08,2190.16,81917.67,Sim,
1291,Marina Pereira,93657645884,marina.pereira@gmail.com,11 969677191 ramal 22,Ijui,RS,Site,2021-04-07,1429.42,73598.79,Nao,
1162,Vinicius Costa,26051552093,vinicius.costa@hotmail.com,54933799510,Poa,RS,Indicacao,2023-09-21,3941.84,89385.75,Sim,
1464,Elisa Rocha,20933928568,elisa.rocha@hotmail.com,97063-1694,porto alegre,RS,loja,2022-09-13,4146.76,32981.49,Nao,
1114,GABRIELA COSTA,09015360848,gabriela.costa@hotmail.com,95410-2560,Sta. Maria,RS,Whatsapp,2022-10-11,2731.2,42413.6,Nao,
1158,Elisa Barbosa,90115303945,elisa.barbosa@outlook.com,92772-0218,porto alegre,RS,Telefone,2022-01-03,10894.23,34252.96,Sim,
1150,Elisa Barbosa,56348077011,elisa.barbosa@gmail.com,91459-2212,Passo Fundo,RS,loja,2025-08-14,13983.72,70727.46,Sim,
1261,Ana Barbosa,46118918583,,11925826601,Passo Fundo,RS,loja,2022-12-04,3207.77,51683.54,Nao,
1367,Paulo Rocha,91688337821,paulo.rocha@outlook.com,(54) 98821-0323,Passo Fundo,RS,loja,2023-04-30,9768.92,1247.41,Nao,
1553,Isabel Barbosa,38323156492,isabel.barbosa@gmail.com,54944555926,Santo Angelo,RS,Whatsapp,2025-11-26,9452.34,61604.06,Sim,
1378,Paulo Oliveira,,paulo.oliveira@outlook.com,55 906735785 ramal 22,Santa Maria,RS,loja,2021-02-24,,48649.73,Nao,
1031,BRUNO BARBOSA,81086201913,bruno.barbosa@empresa.com.br,,Sta. Maria,RS,Site,2025-06-16,,23658.09,Nao,
1370,Tatiana Costa,93796198671,tatiana.costa@outlook.com,(11) 95207-9764,porto alegre,RS,loja,2021-03-27,,59698.04,Sim,
1221,KARINA OLIVEIRA,,karina.oliveira@empresa.com.br,90529-8399,Poa,RS,Telefone,2023-02-01,12644.66,81457.55,Nao,
1306,Nelson Pereira,21646330326,nelson.pereira@outlook.com,(51) 93897-6022,Ijui,RS,Whatsapp,2022-11-19,9146.19,41153.04,Sim,
1020,Bruno Almeida,01687731322,bruno.almeida@gmail.com,11918002390,Ijui,RS,Telefone,2022-08-17,9726.22,10091.94,Nao,
1113,Renata Costa,41916689630,renata.costa@outlook.com,(55) 91792-6797,Ijui,RS,Whatsapp,2023-10-27,11513.56,80767.2,Nao,
1386,NELSON RODRIGUES,,,(51) 99679-8750,Santo Angelo,RS,Site,2024-10-24,9745.71,83315.41,Sim,
1000,Karina Oliveira,18159083016,karina.oliveira@hotmail.com,(11) 90913-9099,Ijui,RS,Indicacao,2022-04-08,4699.33,10601.3,Sim,
1258,Fabio Oliveira,08133201421,fabio.oliveira@hotmail.com,55910845001,Santa Maria,RS,Whatsapp,2024-07-25,3567.22,63284.45,Sim,
90007,ISABEL OLIVEIRA,88476252710,isabel.oliveira@empresa.com.br,95922-6055,Ijui,RS,loja,2024-03-13,12852.17,3040.99,Nao,
1531,RENATA SANTOS,09136783485,renata.santos@outlook.com,11976718250,Poa,RS,Whatsapp,2024-03-11,6590.85,52928.54,Nao,
1419,Diego Silva,77014249375,,11920626193,Santo Angelo,RS,Whatsapp,2024-02-07,14216.87,58999.65,Nao,
1485,Vinicius Almeida,11328783102,vinicius.almeida@empresa.com.br,95721-7944,Passo Fundo,RS,Indicacao,2021-11-02,3842.17,74599.83,Sim,
1004,Marina Santos,03137215901,marina.santos@hotmail.com,55 990139624 ramal 22,Ijui,RS,loja,2022-05-12,7576.99,43235.56,Sim,
1472,Gabriela Oliveira,,gabriela.oliveira@empresa.com.br,97929-8705,Santo Angelo,RS,Site,2022-06-30,13762.55,88067.53,Sim,
1080,TATIANA SANTOS,50413588570,tatiana.santos@outlook.com,(55) 99103-4537,,RS,loja,2024-12-22,7576.69,23257.97,Sim,
1026,JOAO COSTA,54437323324,joao.costa@hotmail.com,(11) 94388-3170,Passo Fundo,RS,Whatsapp,2022-09-28,,10729.5,Nao,
1526,Joao Ferreira,,,,Santo Angelo,RS,Site,2024-04-18,5983.78,49271.91,Sim,
1216,Carla Santos,27706190863,carla.santos@hotmail.com,,Passo Fundo,RS,Whatsapp,2025-04-04,12758.93,59942.41,Nao,
1549,Heitor Silva,12335086649,heitor.silva@hotmail.com,(51) 95065-5899,Ijui,RS,Site,2022-04-16,9767.21,84748.44,Sim,
1510,Ana Rodrigues,47391831182,,11935985522,Ijui,RS,Whatsapp,2023-11-25,3698.69,35071.42,Sim,
1147,Ana Barbosa,25078907890,ana.barbosa@gmail.com,(55) 96820-8827,Sta. Maria,RS,Telefone,2024-12-27,12129.88,46335.25,Nao,
1014,Elisa Costa,08682889093,elisa.costa@gmail.com,55916780083,,RS,loja,2022-04-24,,59336.95,Nao,
1174,Fabio Martins,11874776163,fabio.martins@hotmail.com,(11) 96884-1907,Ijui,RS,Whatsapp,2022-05-08,9338.52,54296.44,Sim,
1086,ELISA RODRIGUES,65898299539,elisa.rodrigues@empresa.com.br,(55) 98784-5884,porto alegre,RS,loja,2023-11-30,11725.38,89057.26,Nao,
1165,DIEGO PEREIRA,25152605360,diego.pereira@hotmail.com,,Santo Angelo,RS,Whatsapp,2022-04-27,14428.65,60812.85,Nao,
1059,Gabriela Costa,83715120417,gabriela.costa@outlook.com,,,RS,loja,2021-03-23,6136.8,75575.04,Sim,
1545,Diego Ferreira,74163787736,diego.ferreira@gmail.com,,Passo Fundo,RS,Indicacao,2022-10-17,4821.39,26905.81,Sim,
1164,Joao Ferreira,,joao.ferreira@outlook.com,(54) 91887-1548,,RS,Whatsapp,2022-01-12,8609.29,68531.99,Nao,
1357,Carla Rocha,05928318358,carla.rocha@gmail.com,(54) 93421-9758,porto alegre,RS,loja,2023-12-28,12934.91,75805.5,Nao,
1041,Ana Almeida,84702496036,ana.almeida@empresa.com.br,(54) 92176-5416,,RS,Site,2022-01-11,7499.78,77268.37,Sim,
1482,LUCAS FERREIRA,95997092594,lucas.ferreira@outlook.com,(11) 97670-7772,Sta. Maria,RS,Indicacao,2025-09-14,11565.69,15533.39,Nao,
1079,Nelson Barbosa,,,(51) 92590-6305,Poa,RS,Whatsapp,2021-06-06,10757.68,79976.47,Nao,
1381,Renata Oliveira,56431896309,,98447-3269,Santo Angelo,RS,loja,2024-02-28,7562.64,52209.02,Sim,
1028,FABIO ALMEIDA,46049566053,fabio.almeida@empresa.com.br,51962611695,Passo Fundo,RS,loja,2023-08-15,2566.2,35704.72,Nao,
1307,Lucas Costa,66202533287,lucas.costa@gmail.com,(11) 96651-2434,Ijui,RS,Whatsapp,2025-01-02,11499.07,45020.61,Nao,
1328,Marina Costa,56208240213,,(55) 94485-5396,Santo Angelo,RS,Whatsapp,2025-10-06,3234.49,23806.57,Nao,
1453,Heitor Barbosa,63345736042,heitor.barbosa@empresa.com.br,,P. Alegre,RS,loja,2024-07-09,4463.0,79292.8,Nao,
1465,Nelson Pereira,18870232691,nelson.pereira@empresa.com.br,98818-5607,porto alegre,RS,Whatsapp,2025-03-16,,8047.68,Sim,
1084,Carla Souza,49575617524,carla.souza@gmail.com,(55) 93030-6739,Santo Angelo,RS,Site,2025-06-21,14465.53,7137.76,Nao,
1062,Sergio Costa,63857849774,sergio.costa@outlook.com,(11) 99605-2358,Ijui,RS,Site,2022-07-01,11695.86,6011.89,Nao,
1136,Carla Pereira,23266551378,carla.pereira@outlook.com,97329-4763,Santa Maria,RS,Whatsapp,2021-04-30,12294.42,22313.08,Nao,
1111,Renata Silva,96639422338,,,,RS,Site,2022-03-05,5716.25,79950.72,Sim,
1194,ELISA SOUZA,51826419774,elisa.souza@gmail.com,55982775234,Passo Fundo,RS,Site,2025-04-07,987.2,21437.84,Nao,
1416,CARLA PEREIRA,36861427334,carla.pereira@hotmail.com,(54) 92201-4553,Ijui,RS,Indicacao,2023-04-27,14173.69,19911.21,Sim,
1043,Lucas Martins,46836732213,,95674-8275,Passo Fundo,RS,Whatsapp,2025-04-22,14751.92,43341.21,Sim,
1411,Sergio Costa,,sergio.costa@gmail.com,(54) 93712-2891,Santa Maria,RS,Indicacao,2025-09-19,12347.64,63542.82,Nao,
1320,Joao Rodrigues,34311485827,joao.rodrigues@hotmail.com,92543-2369,Passo Fundo,RS,Site,2022-01-17,12592.09,20537.3,Sim,
1293,NELSON BARBOSA,05319567599,nelson.barbosa@outlook.com,55978715714,Sta. Maria,RS,Indicacao,2021-09-26,10828.53,37242.89,Sim,
1129,Renata Rodrigues,94962436584,renata.rodrigues@gmail.com,51997350775,Santa Maria,RS,Whatsapp,2023-06-23,3877.14,86211.46,Sim,
1567,Heitor Rocha,15892874561,heitor.rocha@empresa.com.br,(51) 97012-9216,Passo Fundo,RS,Indicacao,2023-12-14,3538.06,67760.57,Sim,
1218,MARINA SOUZA,90869928012,marina.souza@hotmail.com,,Poa,RS,Site,2022-01-26,6494.82,63238.01,Sim,
1096,Diego Santos,90171397035,diego.santos@gmail.com,11992602553,Santa Maria,RS,Indicacao,2021-03-01,4303.98,22952.15,Sim,
1124,Lucas Souza,77117871617,,11970131457,Passo Fundo,RS,loja,2025-10-02,7517.52,55002.8,Sim,
1597,Karina Barbosa,50839912620,karina.barbosa@empresa.com.br,,porto alegre,RS,loja,2024-09-28,11056.93,7420.31,Sim,
1226,Fabio Ferreira,71684111573,fabio.ferreira@empresa.com.br,(54) 97202-3979,,RS,Whatsapp,2025-04-09,6265.23,65389.75,Sim,
1177,JOAO PEREIRA,99367493282,joao.pereira@gmail.com,(54) 95493-6721,Santa Maria,RS,Whatsapp,2023-08-10,,80640.72,Sim,
1379,Heitor Pereira,53273274928,heitor.pereira@outlook.com,95688-2251,Passo Fundo,RS,Indicacao,2022-01-08,726.33,33424.83,Nao,
1596,Paulo Barbosa,08871501621,paulo.barbosa@gmail.com,,Ijui,RS,Telefone,2021-07-24,10509.97,19248.53,Sim,
1103,Heitor Martins,31951039245,heitor.martins@empresa.com.br,90566-0132,Santo Angelo,RS,Whatsapp,2021-12-07,3454.21,61743.26,Nao,
1081,MARINA OLIVEIRA,70052787001,marina.oliveira@empresa.com.br,54976398155,STO ANGELO,RS,Indicacao,2024-07-07,3565.01,65452.11,Nao,
1548,Renata Almeida,85006729193,renata.almeida@outlook.com,51974152883,porto alegre,RS,Indicacao,2025-01-23,10871.35,55374.79,Nao,
1383,Vinicius Santos,23971180947,vinicius.santos@outlook.com,,Passo Fundo,RS,loja,2025-01-03,983.81,19752.48,Nao,
1264,VINICIUS RODRIGUES,34257679131,vinicius.rodrigues@hotmail.com,11958797730,Ijui,RS,loja,2024-11-30,14295.6,66196.34,Nao,
1335,CARLA SANTOS,27851007489,carla.santos@hotmail.com,54 917234985 ramal 22,Santa Maria,RS,Indicacao,2023-03-22,4497.47,58864.69,Sim,
1227,Diego Costa,42329897270,diego.costa@outlook.com,,Santo Angelo,RS,Site,2021-02-19,14528.48,40572.77,Nao,
1301,Sergio Almeida,27644633463,sergio.almeida@outlook.com,,Santo Angelo,RS,Indicacao,2025-01-17,1445.34,67609.98,Sim,
1275,Elisa Rocha,05845020474,elisa.rocha@outlook.com,95712-9782,Santo Angelo,RS,Whatsapp,2023-09-29,10350.27,43068.53,Nao,
1426,Olivia Barbosa,96617850803,olivia.barbosa@empresa.com.br,,,RS,loja,2023-01-11,8214.55,64981.24,Sim,
1263,MARINA RODRIGUES,,marina.rodrigues@outlook.com,90115-9197,Santo Angelo,RS,Site,2021-09-10,9898.52,13435.42,Sim,
1560,Ana Ferreira,16022004517,ana.ferreira@empresa.com.br,51985395934,P. Alegre,RS,Site,2023-09-03,7328.07,51426.99,Nao,
1199,Nelson Costa,72058351371,nelson.costa@outlook.com,(54) 90490-7969,Sta. Maria,RS,Telefone,2025-02-11,6767.96,32554.02,Sim,
1253,Sergio Martins,,sergio.martins@gmail.com,,porto alegre,RS,Site,2022-06-17,13537.41,48539.02,Nao,
1171,SERGIO ALMEIDA,93925517124,sergio.almeida@gmail.com,51933314414,Sta. Maria,RS,Site,2021-02-25,3736.06,79051.01,Nao,
1237,Heitor Pereira,93136649585,heitor.pereira@outlook.com,51971358703,Passo Fundo,RS,Whatsapp,2021-02-15,11212.22,68379.11,Sim,
1139,Lucas Santos,03764764975,lucas.santos@outlook.com,55991998177,Santo Angelo,RS,Site,2025-07-16,5767.56,62631.42,Sim,
1303,Gabriela Rocha,98078653665,gabriela.rocha@outlook.com,(11) 98058-5879,P. Alegre,RS,Indicacao,2025-07-18,13293.69,21067.07,Sim,migrado 2019
1267,Karina Martins,14513930763,karina.martins@empresa.com.br,(54) 91421-7027,Passo Fundo,RS,Site,2025-10-24,,69658.52,Nao,
1322,SERGIO MARTINS,94787799424,,11963046405,P. Alegre,RS,loja,2021-08-16,14056.6,8519.93,Sim,
1568,ELISA PEREIRA,40738529730,elisa.pereira@hotmail.com,97803-4874,STO ANGELO,RS,Indicacao,2022-11-09,4670.21,11617.6,Sim,
1212,GABRIELA ALMEIDA,,,(55) 90560-4405,Santo Angelo,RS,Indicacao,2024-06-21,9961.27,82809.77,Sim,
1198,Marina Rocha,22862864413,marina.rocha@outlook.com,(54) 98320-1535,Santa Maria,RS,loja,2023-02-26,13851.97,79091.99,Nao,
1430,Olivia Silva,12373241371,olivia.silva@hotmail.com,,Santa Maria,RS,Whatsapp,2024-04-14,6051.54,52953.55,Sim,
1015,Isabel Santos,37761740931,isabel.santos@outlook.com,55 999207074 ramal 22,Passo Fundo,RS,Telefone,2024-08-08,10778.63,41930.78,Nao,
1163,Heitor Santos,63593608844,heitor.santos@empresa.com.br,90673-9929,Passo Fundo,RS,loja,2023-09-05,2016.75,67741.65,Nao,
1478,Karina Martins,01480078392,karina.martins@gmail.com,55975012271,Passo Fundo,RS,loja,2021-08-05,8550.16,76727.02,Sim,
1447,VINICIUS SOUZA,95845122897,,(11) 96403-4443,Santo Angelo,RS,Whatsapp,2025-11-30,12033.51,35928.37,Nao,
1342,Isabel Barbosa,37143307095,isabel.barbosa@gmail.com,(51) 93551-3815,Passo Fundo,RS,Site,2024-11-03,1056.12,47234.68,Nao,
1037,Carla Martins,61333100147,carla.martins@gmail.com,54 945564054 ramal 22,Passo Fundo,RS,Whatsapp,2024-10-19,9229.12,25888.39,Sim,
1206,Renata Barbosa,28452272762,renata.barbosa@empresa.com.br,55 983651859 ramal 22,Santa Maria,RS,Indicacao,2021-06-19,1912.77,28982.73,Nao,
1295,Lucas Santos,94851761741,lucas.santos@hotmail.com,(11) 96102-1365,Poa,RS,Whatsapp,2022-09-13,6443.47,21121.76,Nao,
1578,Ana Souza,69920941671,ana.souza@empresa.com.br,11996802318,Ijui,RS,loja,2024-02-12,6331.18,55045.71,Sim,
1073,Renata Silva,73084282384,renata.silva@gmail.com,(55) 96134-2277,Santa Maria,RS,Indicacao,2023-07-08,2429.98,62824.49,Sim,
1492,KARINA ALMEIDA,,karina.almeida@gmail.com,(11) 96492-6407,Ijui,RS,Whatsapp,2022-09-01,7696.84,61075.07,Sim,
1104,ANA FERREIRA,19130561592,ana.ferreira@empresa.com.br,(11) 92440-7926,Poa,RS,Indicacao,2023-02-17,14216.11,87161.4,Sim,
1365,Marina Santos,56213852604,marina.santos@empresa.com.br,97293-8394,Santo Angelo,RS,Indicacao,2022-07-10,3708.48,30006.01,Nao,
1016,JOAO SANTOS,71874633191,joao.santos@outlook.com,(54) 99841-5377,Ijui,RS,Whatsapp,2025-10-27,6378.58,37456.31,Nao,
1091,OLIVIA RODRIGUES,64665866266,,51939849633,Passo Fundo,RS,loja,2022-11-04,8598.53,39818.38,Nao,
1088,Heitor Martins,30404633535,heitor.martins@outlook.com,(11) 93927-4244,Ijui,RS,Site,2023-08-15,10400.21,40774.31,Nao,
1451,Lucas Rodrigues,26746868344,,(54) 97779-9064,Santo Angelo,RS,Telefone,2024-06-16,2269.45,11311.08,Sim,
1205,Lucas Martins,54328842918,lucas.martins@hotmail.com,92869-7205,Santa Maria,RS,loja,2022-04-02,1370.17,27393.17,Nao,
1102,Karina Ferreira,84534683238,karina.ferreira@gmail.com,51 979331224 ramal 22,Sta. Maria,RS,Indicacao,2024-12-31,4733.39,7589.34,Nao,
1238,Lucas Rocha,82515734780,,51992565183,Sta. Maria,RS,Indicacao,2022-11-06,8118.54,12700.04,Nao,
1401,Lucas Pereira,,,90547-1027,Sta. Maria,RS,Indicacao,2023-05-25,4639.07,60072.5,Nao,
1246,Vinicius Rodrigues,47606637675,vinicius.rodrigues@empresa.com.br,(54) 95484-2311,Santa Maria,RS,Indicacao,2023-05-27,10151.61,29160.02,Nao,
1157,DIEGO SOUZA,55345306661,diego.souza@gmail.com,54941687431,Ijui,RS,Site,2025-06-05,9045.08,11422.63,Sim,
1326,SERGIO ROCHA,64515118264,sergio.rocha@gmail.com,(55) 98379-3216,STO ANGELO,RS,Whatsapp,2024-05-03,4455.04,78644.19,Sim,
1133,Tatiana Oliveira,73917962039,tatiana.oliveira@empresa.com.br,98688-5003,Santa Maria,RS,Site,2021-06-20,10522.52,81164.17,Sim,
1452,ELISA SOUZA,27414151766,,(51) 99566-1388,Passo Fundo,RS,loja,2023-01-30,1873.53,62641.91,Sim,
1557,ELISA ALMEIDA,59184159049,elisa.almeida@outlook.com,55921958164,Santa Maria,RS,loja,2024-04-09,,3030.62,Nao,
1359,Joao Ferreira,77908770322,joao.ferreira@empresa.com.br,(51) 90515-1292,Passo Fundo,RS,loja,2024-09-03,7718.04,80471.32,Nao,
1018,Carla Silva,47082276544,carla.silva@outlook.com,(54) 94786-1221,Ijui,RS,Whatsapp,2023-05-23,14948.89,12563.65,Nao,
1121,Gabriela Souza,46129792463,gabriela.souza@gmail.com,(54) 94992-1916,Passo Fundo,RS,Indicacao,2021-09-07,5741.76,10157.64,Sim,
1149,Tatiana Rodrigues,19216419674,,,Ijui,RS,Whatsapp,2021-12-19,5106.6,62763.18,Sim,
1382,BRUNO BARBOSA,60842418745,bruno.barbosa@empresa.com.br,55992837119,Passo Fundo,RS,Site,2023-01-05,9015.79,67389.16,Nao,
1274,Elisa Rocha,94014550419,elisa.rocha@outlook.com,95336-9774,porto alegre,RS,Site,2021-08-23,,72195.98,Nao,
1507,Gabriela Almeida,,,96174-8939,Santa Maria,RS,Indicacao,2022-11-10,7146.89,82307.38,Sim,
1561,Ana Almeida,48022640007,,97014-5479,Santa Maria,RS,loja,2023-09-02,,58603.62,Nao,
1311,DIEGO SILVA,,diego.silva@empresa.com.br,,Passo Fundo,RS,Whatsapp,2021-04-29,4417.42,53380.82,Sim,
1441,MARINA RODRIGUES,32836185831,marina.rodrigues@outlook.com,(51) 90036-2093,,RS,loja,2021-09-17,1865.04,59221.2,Sim,
1523,Ana Almeida,80408560492,ana.almeida@empresa.com.br,51979139335,Santo Angelo,RS,Indicacao,2022-11-02,,58276.6,Sim,
1268,Ana Silva,92600439975,ana.silva@outlook.com,(51) 98089-3095,Ijui,RS,Whatsapp,2025-04-28,,40552.04,Nao,
1034,Olivia Santos,,olivia.santos@empresa.com.br,(51) 90080-6232,porto alegre,RS,Indicacao,2022-05-04,14143.35,17956.64,Sim,
1181,Diego Rocha,32323753577,diego.rocha@hotmail.com,92711-7007,Santo Angelo,RS,Site,2024-12-08,11806.67,21402.16,Nao,
1184,Elisa Pereira,02436389599,elisa.pereira@gmail.com,11952728450,P. Alegre,RS,loja,2021-08-17,12691.64,49303.56,Nao,
1207,DIEGO OLIVEIRA,50241555277,diego.oliveira@gmail.com,,Ijui,RS,Site,2021-06-15,1519.61,,Sim,
1388,FABIO SOUZA,58675226307,fabio.souza@empresa.com.br,(11) 96341-2968,Santa Maria,RS,Telefone,2024-03-30,6721.29,4403.61,Sim,
1094,SERGIO SOUZA,09248454347,,,porto alegre,RS,Whatsapp,2022-09-20,12256.98,34682.15,Nao,
1543,Tatiana Rodrigues,49722865227,tatiana.rodrigues@hotmail.com,11959675851,Santo Angelo,RS,loja,2021-08-11,3785.88,63567.28,Nao,
1477,Vinicius Rodrigues,16634352930,vinicius.rodrigues@gmail.com,(51) 95829-0345,porto alegre,RS,Indicacao,2025-07-13,13358.59,17141.28,Nao,
1353,ELISA MARTINS,31696916745,elisa.martins@empresa.com.br,(54) 94407-9244,Passo Fundo,RS,Whatsapp,2021-07-28,13985.42,51239.39,Sim,
1380,MARINA SOUZA,95084487108,marina.souza@hotmail.com,(55) 97460-9358,Passo Fundo,RS,Telefone,2025-02-05,,30594.59,Sim,
1122,OLIVIA OLIVEIRA,66271755306,olivia.oliveira@hotmail.com,(54) 95549-0311,Poa,RS,Telefone,2024-06-27,1162.01,75318.14,Sim,
1513,Elisa Silva,73376282183,,92407-5440,,RS,Indicacao,2024-11-12,12315.83,35253.38,Nao,
1364,DIEGO SANTOS,99108795863,diego.santos@hotmail.com,(11) 96863-8774,,RS,Indicacao,2023-04-05,7268.45,63325.51,Nao,
1078,Renata Barbosa,37129589658,renata.barbosa@empresa.com.br,(51) 93238-1341,porto alegre,RS,Site,2021-03-01,3785.04,10171.6,Nao,
1350,Karina Santos,40473946869,karina.santos@gmail.com,(54) 92836-5619,Ijui,RS,Whatsapp,2025-11-22,8972.68,28899.76,Sim,
1061,BRUNO BARBOSA,80914180630,bruno.barbosa@outlook.com,54910984179,Santo Angelo,RS,loja,2024-06-05,13335.26,51961.05,Nao,
1251,PAULO OLIVEIRA,18928074635,paulo.oliveira@gmail.com,11 920496248 ramal 22,Passo Fundo,RS,Telefone,2022-01-03,8395.66,9935.05,Sim,
1125,Diego Silva,,diego.silva@empresa.com.br,(54) 91751-3451,Ijui,RS,Site,2022-12-23,657.76,46319.28,Nao,
1480,Tatiana Pereira,35562345235,tatiana.pereira@gmail.com,(11) 95091-5858,Santa Maria,RS,Site,2025-03-09,,10775.49,Nao,
1347,NELSON RODRIGUES,29816305475,nelson.rodrigues@gmail.com,11932232446,Ijui,RS,loja,2021-12-04,5116.1,39731.86,Nao,
1520,Sergio Silva,32723530425,sergio.silva@gmail.com,,Poa,RS,Whatsapp,2023-08-26,8397.99,44905.9,Nao,
1575,Nelson Pereira,51891840480,,,Sta. Maria,RS,Whatsapp,2025-10-29,10364.57,45576.43,Nao,
1423,DIEGO FERREIRA,85175043552,diego.ferreira@outlook.com,55 970419834 ramal 22,Santo Angelo,RS,loja,2025-08-10,6532.42,53510.11,Sim,
1586,Diego Pereira,39794959072,diego.pereira@outlook.com,11 938374555 ramal 22,Santo Angelo,RS,Site,2023-01-20,907.41,8856.97,Nao,
1067,Tatiana Souza,22881011287,tatiana.souza@empresa.com.br,(51) 90952-3542,Ijui,RS,Whatsapp,2022-07-18,9548.04,,Sim,
1024,Heitor Barbosa,07104319554,heitor.barbosa@gmail.com,55944091031,Ijui,RS,Site,2025-09-09,12314.6,44688.65,Sim,
1499,Renata Barbosa,90147080187,renata.barbosa@gmail.com,54988263967,Ijui,RS,Indicacao,2023-08-25,11003.27,9011.3,Nao,
1105,Heitor Souza,83790665661,heitor.souza@outlook.com,11940479017,Sta. Maria,RS,loja,2022-08-16,3598.03,76008.36,Sim,
1126,Bruno Rodrigues,92526505230,bruno.rodrigues@gmail.com,51 947234593 ramal 22,Sta. Maria,RS,Telefone,2021-08-02,5718.84,5924.16,Nao,
1566,Fabio Pereira,24124535750,fabio.pereira@gmail.com,51 918514213 ramal 22,Santo Angelo,RS,Whatsapp,2021-03-01,9655.5,16723.4,Sim,
1334,Lucas Ferreira,55983108669,lucas.ferreira@empresa.com.br,54 904862541 ramal 22,Santo Angelo,RS,Site,2024-03-12,12190.43,52432.39,Nao,
1527,Olivia Ferreira,25518268500,olivia.ferreira@gmail.com,92518-5620,STO ANGELO,RS,loja,2022-07-14,9424.37,8959.65,Sim,
1178,MARINA BARBOSA,84696863628,marina.barbosa@empresa.com.br,(51) 93182-5477,Ijui,RS,Indicacao,2024-10-27,2969.35,51119.31,Nao,
1135,Isabel Barbosa,57658759017,isabel.barbosa@outlook.com,54917904156,Santo Angelo,RS,loja,2024-09-03,11171.9,81883.38,Nao,
1223,Heitor Santos,01999115396,,99688-2804,Santo Angelo,RS,Indicacao,2022-12-13,,42242.77,Nao,
1587,Lucas Oliveira,,lucas.oliveira@hotmail.com,(55) 94201-3772,Santa Maria,RS,Whatsapp,2024-07-21,14928.52,22247.97,Nao,
1528,GABRIELA OLIVEIRA,39650425690,gabriela.oliveira@outlook.com,11969563098,Sta. Maria,RS,Telefone,2021-04-26,9813.56,88657.42,Sim,
1093,Olivia Oliveira,56162461558,,(55) 96471-7728,porto alegre,RS,Whatsapp,2024-02-11,3945.62,30608.51,Sim,
1363,Fabio Martins,41481072942,fabio.martins@empresa.com.br,(54) 92717-6920,Santa Maria,RS,Whatsapp,2024-01-28,3405.37,50522.09,Nao,
1503,ISABEL FERREIRA,33039406714,isabel.ferreira@empresa.com.br,11960543149,Passo Fundo,RS,Site,2022-04-03,5554.18,58789.12,Sim,
1069,DIEGO PEREIRA,61165836374,diego.pereira@empresa.com.br,95232-1348,Santo Angelo,RS,Whatsapp,2023-10-04,12171.62,31762.68,Sim,
1036,Karina Souza,68778006394,karina.souza@empresa.com.br,51 992200119 ramal 22,,RS,loja,2024-01-29,2506.83,3838.17,Sim,
1296,KARINA OLIVEIRA,85268745829,karina.oliveira@hotmail.com,(54) 93969-2210,Ijui,RS,Whatsapp,2023-02-04,11699.53,75586.87,Sim,
1160,Lucas Rodrigues,84460475375,lucas.rodrigues@empresa.com.br,(55) 93364-5048,Ijui,RS,loja,2024-07-10,9320.94,78149.92,Nao,
1362,Carla Souza,52138543525,carla.souza@empresa.com.br,93543-7065,Santa Maria,RS,Indicacao,2023-02-20,11904.57,64091.95,Nao,
1011,Carla Costa,14170586492,carla.costa@hotmail.com,(54) 94023-4483,Poa,RS,Site,2022-07-05,763.37,1381.15,Nao,
1144,Bruno Rocha,69428025659,bruno.rocha@hotmail.com,,,RS,Whatsapp,2023-12-07,8061.29,49409.16,Nao,
1405,NELSON SOUZA,,nelson.souza@hotmail.com,91510-4755,Passo Fundo,RS,Whatsapp,2022-08-06,4802.76,66676.07,Nao,
1530,Lucas Barbosa,79013292844,lucas.barbosa@empresa.com.br,(11) 99589-3519,Ijui,RS,Site,2024-12-11,7811.12,47683.81,Sim,
1556,Heitor Almeida,41431100207,,91519-2438,Santa Maria,RS,Indicacao,2022-12-12,8203.43,72453.78,Sim,
1127,Gabriela Martins,34743506256,gabriela.martins@gmail.com,54930294977,Sta. Maria,RS,Site,2024-11-02,2247.77,13423.43,Sim,
1442,Karina Rodrigues,,karina.rodrigues@hotmail.com,(54) 96774-3220,Santo Angelo,RS,loja,2022-04-20,10693.08,31024.1,Sim,
1302,Sergio Ferreira,43286872471,sergio.ferreira@gmail.com,55925658699,,RS,loja,2022-07-12,6980.79,41296.96,Nao,
1009,Renata Souza,72616751361,renata.souza@outlook.com,95242-7316,Santo Angelo,RS,loja,2024-06-18,14914.05,37914.88,Nao,
1547,Elisa Pereira,13332726837,elisa.pereira@hotmail.com,95717-5615,Passo Fundo,RS,Whatsapp,2022-02-07,2586.24,63120.33,Sim,
1176,Karina Silva,86490116193,,(55) 92960-4795,STO ANGELO,RS,loja,2021-10-03,7688.45,10344.16,Sim,
1231,Karina Rodrigues,14142808367,karina.rodrigues@outlook.com,95341-9900,STO ANGELO,RS,Indicacao,2023-02-15,10402.19,32849.41,Nao,
1210,Renata Martins,,,(55) 90644-0086,Santo Angelo,RS,Indicacao,2023-12-22,10857.04,41748.56,Sim,
1128,Tatiana Pereira,,tatiana.pereira@empresa.com.br,(11) 91041-4226,P. Alegre,RS,Telefone,2024-12-23,7935.64,21937.11,Nao,
1143,OLIVIA SANTOS,18426779774,,(54) 98231-5616,Sta. Maria,RS,Whatsapp,2024-11-01,12683.97,41876.2,Sim,
1241,CARLA PEREIRA,03218357260,,(55) 99495-6269,Passo Fundo,RS,Site,2023-11-01,4575.34,52390.31,Sim,
1007,Elisa Martins,99752882001,elisa.martins@hotmail.com,(54) 93043-4839,Ijui,RS,loja,2021-05-25,5629.87,52501.39,Sim,
1298,Paulo Pereira,43614164330,paulo.pereira@outlook.com,,Ijui,RS,Whatsapp,2025-08-02,11709.76,81432.64,Nao,
1310,Nelson Silva,96923058569,nelson.silva@outlook.com,94747-4037,Ijui,RS,Telefone,2025-01-31,9134.21,49551.28,Sim,
1435,Joao Costa,37040870927,joao.costa@empresa.com.br,54979850454,Sta. Maria,RS,Whatsapp,2021-08-01,3474.21,67841.88,Nao,
1254,ELISA ROCHA,44713380947,elisa.rocha@hotmail.com,,Passo Fundo,RS,loja,2025-10-29,1680.59,85921.8,Sim,
1428,Joao Martins,85697825800,joao.martins@empresa.com.br,90926-7313,,RS,Telefone,2024-05-13,9990.38,69480.84,Sim,
1515,Joao Martins,43864699338,joao.martins@empresa.com.br,91223-0904,Santa Maria,RS,Site,2024-09-16,4379.3,10027.34,Nao,
1008,Renata Oliveira,72902227918,renata.oliveira@empresa.com.br,51980334018,Santo Angelo,RS,Whatsapp,2025-01-25,14613.72,17946.29,Nao,
1156,HEITOR BARBOSA,65186290712,heitor.barbosa@gmail.com,(51) 95018-3862,Santa Maria,RS,Site,2024-12-14,1826.15,321.24,Sim,
1027,Carla Pereira,94019953055,,(51) 99305-6529,Santo Angelo,RS,Whatsapp,2024-12-02,1417.43,35576.7,Nao,
1436,FABIO SILVA,42563267419,fabio.silva@hotmail.com,55991996535,,RS,Indicacao,2022-01-26,7509.82,21347.57,Nao,
1266,Nelson Rodrigues,52357571630,nelson.rodrigues@gmail.com,11987115892,Ijui,RS,Site,2024-01-14,5823.96,71202.97,Nao,
1314,TATIANA ALMEIDA,56361655381,,55 944158678 ramal 22,Passo Fundo,RS,loja,2021-06-03,12304.48,46112.41,Sim,
1461,Bruno Pereira,18938467475,bruno.pereira@empresa.com.br,90828-8285,P. Alegre,RS,Indicacao,2022-03-05,,33963.39,Nao,
1064,OLIVIA COSTA,68896507674,,99693-1559,Passo Fundo,RS,Whatsapp,2024-04-11,14360.75,23089.38,Sim,
1505,Sergio Rodrigues,36179042303,,(55) 97575-3691,Santo Angelo,RS,Indicacao,2025-09-30,11131.71,14946.38,Sim,
1255,Tatiana Santos,47367369205,tatiana.santos@hotmail.com,(11) 98844-3837,Ijui,RS,Indicacao,2022-04-18,8959.18,41403.43,Nao,
1153,Nelson Silva,38813141390,,95908-6598,Santa Maria,RS,loja,2022-10-26,3750.23,10946.37,Nao,
1048,Nelson Santos,48442605069,nelson.santos@gmail.com,51916967106,porto alegre,RS,Whatsapp,2023-11-07,1702.41,80619.51,Sim,
1208,Bruno Silva,,bruno.silva@gmail.com,54 926822896 ramal 22,STO ANGELO,RS,Site,2024-05-01,4910.85,43808.06,Nao,
1489,Karina Rodrigues,37586351064,karina.rodrigues@hotmail.com,11915984143,Passo Fundo,RS,Whatsapp,2024-01-11,,82303.29,Nao,
1287,Paulo Barbosa,85625127287,paulo.barbosa@outlook.com,(54) 96128-3388,Santo Angelo,RS,Whatsapp,2023-07-14,9463.27,30071.21,Sim,
1001,Diego Martins,51819093786,diego.martins@empresa.com.br,,STO ANGELO,RS,Site,2022-05-03,1561.41,14846.59,Nao,
1427,Elisa Rodrigues,27154628108,,92711-8682,STO ANGELO,RS,loja,2024-02-05,943.19,80361.81,Nao,
1341,HEITOR FERREIRA,99453774039,heitor.ferreira@empresa.com.br,51 921114998 ramal 22,porto alegre,RS,Indicacao,2021-11-01,2111.03,26306.21,Sim,
1269,VINICIUS BARBOSA,76355064330,vinicius.barbosa@outlook.com,55971527264,Santo Angelo,RS,loja,2023-06-21,9647.78,62572.57,Nao,
1457,Tatiana Rocha,20745524271,,(54) 91554-2831,Passo Fundo,RS,loja,2022-04-05,12018.91,54131.97,Sim,
1265,NELSON RODRIGUES,37569508329,nelson.rodrigues@gmail.com,,Sta. Maria,RS,Indicacao,2022-12-20,8939.52,37922.74,Nao,
1569,TATIANA ALMEIDA,56073175597,tatiana.almeida@empresa.com.br,93400-8348,Poa,RS,Indicacao,2024-02-01,2963.74,69152.01,Sim,
1509,SERGIO OLIVEIRA,44453435413,sergio.oliveira@outlook.com,(55) 95648-4163,,RS,Telefone,2021-10-10,13483.97,78848.71,Sim,
1514,Karina Rocha,34221343194,karina.rocha@outlook.com,11 945970406 ramal 22,Sta. Maria,RS,Whatsapp,2022-12-10,4995.23,,Nao,
1368,Paulo Ferreira,08681096247,paulo.ferreira@hotmail.com,(11) 95034-2810,Passo Fundo,RS,Indicacao,2025-11-14,12818.58,76920.21,Sim,
1095,Tatiana Pereira,51176686701,tatiana.pereira@empresa.com.br,11967217672,porto alegre,RS,Site,2022-03-09,1088.53,49846.49,Nao,
1352,Paulo Ferreira,,paulo.ferreira@outlook.com,55 976778896 ramal 22,Sta. Maria,RS,Whatsapp,2021-05-30,4214.66,63928.4,Nao,
1042,Karina Silva,10483238519,,51958567326,Ijui,RS,Telefone,2021-04-03,4478.18,1197.75,Sim,
1361,Karina Martins,,karina.martins@empresa.com.br,51930575101,Ijui,RS,Site,2021-06-08,9462.62,13842.49,Sim,
1493,HEITOR PEREIRA,43003904706,heitor.pereira@hotmail.com,,STO ANGELO,RS,Telefone,2022-01-26,14358.54,72508.28,Nao,
1589,Renata Costa,15732934005,renata.costa@hotmail.com,(54) 92911-0362,Santo Angelo,RS,Whatsapp,2021-08-04,8071.88,18297.05,Sim,
1116,Karina Martins,30335611923,karina.martins@empresa.com.br,,Santo Angelo,RS,loja,2023-05-01,12099.69,440.99,Nao,
1424,VINICIUS FERREIRA,06666458254,vinicius.ferreira@empresa.com.br,94667-6574,Passo Fundo,RS,Telefone,2025-02-15,4605.4,32843.65,Sim,
1045,Vinicius Rocha,84373817181,vinicius.rocha@hotmail.com,11978077273,Santo Angelo,RS,Whatsapp,2021-07-15,8657.25,75650.93,Sim,
1161,Karina Pereira,71534702567,karina.pereira@hotmail.com,92540-3502,Ijui,RS,Site,2025-04-23,11870.89,10022.96,Sim,
1479,Isabel Martins,18810328262,,(11) 90813-0337,Poa,RS,Whatsapp,2022-02-21,12392.54,68537.19,Sim,
1117,Bruno Souza,07063308964,bruno.souza@empresa.com.br,(51) 91228-2985,P. Alegre,RS,loja,2024-10-18,8560.47,45222.76,Nao,
1288,Tatiana Ferreira,01974677061,tatiana.ferreira@empresa.com.br,54952145588,STO ANGELO,RS,Indicacao,2023-01-15,10252.39,80930.0,Sim,
1077,Renata Rocha,70226407959,renata.rocha@gmail.com,96826-9910,Ijui,RS,Indicacao,2024-01-08,14315.75,58262.2,Nao,
1559,BRUNO RODRIGUES,37370224719,bruno.rodrigues@hotmail.com,51915425685,Santo Angelo,RS,Whatsapp,2025-09-14,14528.36,72360.25,Sim,
1389,Sergio Souza,13804274723,sergio.souza@hotmail.com,(55) 97384-9829,STO ANGELO,RS,Telefone,2024-08-27,1080.93,85665.43,Sim,
1594,BRUNO BARBOSA,71725367545,,96017-1015,Santo Angelo,RS,loja,2022-10-25,10059.77,30037.35,Sim,
1412,FABIO OLIVEIRA,26710387123,fabio.oliveira@empresa.com.br,55917127895,Passo Fundo,RS,Telefone,2023-10-15,,50539.54,Nao,
1063,Bruno Rodrigues,51832655239,bruno.rodrigues@outlook.com,51974261068,Ijui,RS,Indicacao,2021-03-29,12824.23,55925.96,Nao,
1338,Bruno Pereira,27635529436,bruno.pereira@outlook.com,(55) 98039-4087,Passo Fundo,RS,Telefone,2025-07-30,3177.87,37425.7,Sim,
1315,GABRIELA OLIVEIRA,00861913874,gabriela.oliveira@empresa.com.br,(55) 99184-2653,P. Alegre,RS,Site,2025-07-14,6098.51,27419.1,Nao,
1299,Ana Silva,72878652022,ana.silva@gmail.com,51980528621,Sta. Maria,RS,loja,2023-08-25,10868.84,80621.9,Nao,
1399,Lucas Martins,13833951439,lucas.martins@empresa.com.br,(55) 98776-0729,Ijui,RS,Site,2021-11-08,2811.37,61625.08,Nao,
1230,Vinicius Souza,11320114468,,(54) 91970-5679,Santo Angelo,RS,loja,2023-07-23,5159.12,64166.69,Sim,
1297,Karina Silva,98405359762,,(11) 99954-9660,Ijui,RS,Whatsapp,2022-02-26,6900.91,9279.15,Sim,
1186,VINICIUS RODRIGUES,,vinicius.rodrigues@empresa.com.br,,Santa Maria,RS,Telefone,2025-02-27,2322.67,4743.01,Nao,
1517,LUCAS BARBOSA,13144702283,lucas.barbosa@outlook.com,(54) 90999-8939,Poa,RS,Whatsapp,2024-12-01,3233.38,51723.68,Nao,
1076,Isabel Souza,96037672499,isabel.souza@hotmail.com,(54) 92761-0773,porto alegre,RS,loja,2025-09-08,12902.25,38289.99,Sim,
1247,Olivia Rodrigues,,olivia.rodrigues@hotmail.com,51921860478,Santa Maria,RS,loja,2021-03-27,5939.63,47745.28,Sim,
1476,Paulo Almeida,54763788118,,(51) 98695-3239,Sta. Maria,RS,Indicacao,2024-02-08,11146.31,54464.4,Sim,
1085,Elisa Silva,50355076952,elisa.silva@empresa.com.br,(51) 99579-6470,Sta. Maria,RS,loja,2024-05-26,10797.09,14101.08,Nao,
1469,Marina Rocha,04802964975,marina.rocha@outlook.com,93160-3840,Santa Maria,RS,loja,2022-08-16,13945.75,84557.94,Sim,
1225,Karina Pereira,22353656297,karina.pereira@gmail.com,(54) 95028-9914,Ijui,RS,Whatsapp,2023-02-25,5847.99,80449.81,Sim,
1331,OLIVIA ROCHA,51125022544,olivia.rocha@empresa.com.br,(54) 93632-6993,Santa Maria,RS,Whatsapp,2024-08-24,8172.16,20965.86,Sim,
1233,Bruno Almeida,92051182314,bruno.almeida@empresa.com.br,,Ijui,RS,loja,2023-01-01,13746.81,63972.24,Nao,
1475,Joao Pereira,40850362541,joao.pereira@empresa.com.br,90207-4718,Passo Fundo,RS,Site,2025-05-17,6231.25,37443.62,Sim,
1558,Karina Costa,69286606722,,51 959855926 ramal 22,Sta. Maria,RS,Whatsapp,2023-11-19,7048.49,54221.99,Sim,
1421,Carla Souza,94132701626,carla.souza@hotmail.com,11 988376059 ramal 22,Ijui,RS,Site,2023-03-25,,84849.58,Nao,
1182,Nelson Almeida,50963350010,nelson.almeida@empresa.com.br,55919695064,porto alegre,RS,Indicacao,2022-04-19,2003.21,59273.48,Sim,
1332,Paulo Oliveira,23929792055,paulo.oliveira@gmail.com,94288-2478,Poa,RS,Indicacao,2025-03-31,7388.13,41894.51,Nao,
1438,Sergio Rocha,92315903917,sergio.rocha@hotmail.com,(11) 95697-7720,STO ANGELO,RS,Site,2024-02-20,3665.44,83998.76,Sim,
1049,Ana Silva,31270493720,,(51) 94877-4000,Poa,RS,Whatsapp,2021-02-07,11076.91,77487.08,Sim,
1005,DIEGO ROCHA,72803852808,diego.rocha@gmail.com,,Passo Fundo,RS,Site,2021-10-07,11228.16,46587.49,Sim,
1529,Elisa Rodrigues,09763193727,,55 918757468 ramal 22,Sta. Maria,RS,Whatsapp,2023-02-18,14849.57,83519.19,Nao,
1234,Elisa Santos,57152827854,elisa.santos@hotmail.com,(55) 96483-2247,P. Alegre,RS,Site,2021-07-05,1361.05,57295.34,Nao,
1486,Carla Almeida,48487956606,carla.almeida@outlook.com,(55) 95612-0619,porto alegre,RS,loja,2024-03-28,2462.79,,Nao,
1564,ISABEL ROCHA,29670915952,isabel.rocha@gmail.com,91576-7831,Santa Maria,RS,Indicacao,2021-11-13,10866.51,62332.52,Sim,
1497,Renata Ferreira,53566147320,renata.ferreira@empresa.com.br,(51) 95410-4649,P. Alegre,RS,loja,2024-07-23,10319.68,48747.98,Nao,
1106,Karina Santos,,karina.santos@outlook.com,99647-5893,Passo Fundo,RS,Indicacao,2024-11-13,12875.63,22128.61,Sim,
1443,Lucas Almeida,27657159968,lucas.almeida@outlook.com,(55) 94813-4967,Poa,RS,loja,2021-02-28,7793.19,30680.35,Sim,
1488,Vinicius Barbosa,20474185367,,11952910345,porto alegre,RS,Telefone,2024-03-26,7107.82,25616.48,Nao,
1012,Renata Ferreira,67868433532,,90146-2016,,RS,Site,2023-05-31,3187.6,326.04,Nao,
1190,BRUNO OLIVEIRA,13374786810,bruno.oliveira@hotmail.com,(51) 96284-5128,P. Alegre,RS,loja,2023-12-24,7562.84,66306.62,Sim,migrado 2019
1282,Nelson Santos,89171478089,nelson.santos@hotmail.com,92118-9139,Santo Angelo,RS,Whatsapp,2024-02-12,10451.75,68060.82,Sim,
1029,RENATA OLIVEIRA,,renata.oliveira@empresa.com.br,91923-9693,Santa Maria,RS,loja,2023-12-20,,11075.1,Nao,
1169,Ana Martins,25762826278,ana.martins@hotmail.com,(54) 95914-4517,Passo Fundo,RS,Whatsapp,2023-09-02,527.57,22853.18,Sim,
1180,Tatiana Silva,82628745623,tatiana.silva@outlook.com,(54) 94950-8581,STO ANGELO,RS,Telefone,2021-05-18,6735.83,40452.79,Nao,
1100,Joao Ferreira,13744998132,joao.ferreira@hotmail.com,55909910532,Passo Fundo,RS,Whatsapp,2025-10-26,7475.09,32764.59,Sim,
1197,Carla Rodrigues,08779440694,carla.rodrigues@outlook.com,54933209427,porto alegre,RS,Whatsapp,2022-07-10,7837.6,44855.89,Sim,
1495,Diego Souza,72279810874,diego.souza@hotmail.com,54958811047,Passo Fundo,RS,Site,2024-11-07,4255.29,71538.89,Sim,
1373,Fabio Souza,22392585681,fabio.souza@gmail.com,55972827676,Passo Fundo,RS,Site,2022-05-15,4130.28,8178.6,Nao,
1460,Karina Pereira,99768201903,karina.pereira@hotmail.com,51 981369173 ramal 22,Ijui,RS,loja,2025-01-01,9540.07,3288.35,Sim,
1413,Bruno Ferreira,19971892512,bruno.ferreira@outlook.com,93098-9136,Santa Maria,RS,loja,2023-07-11,1105.33,89164.97,Nao,
1131,Heitor Rocha,54421979030,heitor.rocha@empresa.com.br,(55) 90102-1302,STO ANGELO,RS,loja,2021-08-10,1695.86,17850.6,Nao,
1039,Paulo Rocha,55166160534,paulo.rocha@hotmail.com,,Santo Angelo,RS,Telefone,2021-07-04,5188.34,62015.52,Nao,
1434,Sergio Almeida,90419453274,sergio.almeida@outlook.com,(54) 97103-6428,porto alegre,RS,loja,2024-02-10,12863.53,21209.2,Sim,
1215,Sergio Ferreira,52196776296,sergio.ferreira@empresa.com.br,(51) 99825-5393,P. Alegre,RS,Whatsapp,2025-07-04,11925.86,20500.42,Nao,
1555,Ana Santos,,ana.santos@hotmail.com,(51) 97970-5859,Passo Fundo,RS,Site,2025-02-01,8260.43,48707.06,Sim,
1474,LUCAS OLIVEIRA,47241030985,lucas.oliveira@empresa.com.br,91791-6074,,RS,loja,2025-02-24,7927.02,43627.13,Sim,
1456,Isabel Souza,59825994281,isabel.souza@empresa.com.br,54981880136,Santa Maria,RS,Whatsapp,2023-09-14,10442.06,4959.91,Nao,
1260,Renata Souza,72971510926,renata.souza@outlook.com,,,RS,Whatsapp,2021-07-16,4911.86,86782.9,Sim,
1035,Vinicius Oliveira,40780667172,vinicius.oliveira@gmail.com,51 915404868 ramal 22,STO ANGELO,RS,loja,2024-03-08,720.8,21249.84,Sim,
1309,Tatiana Barbosa,11999648462,tatiana.barbosa@gmail.com,11998550969,Passo Fundo,RS,Whatsapp,2024-02-10,,50943.95,Nao,
1276,Marina Barbosa,65699084819,marina.barbosa@outlook.com,,Ijui,RS,Whatsapp,2025-11-20,6718.62,21394.16,Sim,
1393,Olivia Rocha,40065669777,olivia.rocha@hotmail.com,,Passo Fundo,RS,Indicacao,2022-09-22,12346.74,81536.35,Nao,
1107,Lucas Barbosa,24618957445,lucas.barbosa@empresa.com.br,51977500186,Poa,RS,Indicacao,2022-10-27,1009.05,12329.34,Sim,
1592,Ana Rodrigues,,ana.rodrigues@gmail.com,94818-8844,Poa,RS,Site,2022-12-18,2132.72,,Nao,
1524,ISABEL OLIVEIRA,07690418380,isabel.oliveira@gmail.com,11964041708,STO ANGELO,RS,Site,2025-11-22,9842.11,36128.38,Sim,
1047,Gabriela Barbosa,53542910686,,51900379088,Ijui,RS,Site,2021-06-24,9687.07,15651.39,Sim,
1203,Isabel Oliveira,64225788932,,90621-4131,Santo Angelo,RS,Indicacao,2024-01-18,4722.11,31169.72,Sim,
1021,Marina Costa,08474537838,marina.costa@empresa.com.br,55900376143,Sta. Maria,RS,Whatsapp,2021-06-27,,61431.0,Sim,
1402,Vinicius Ferreira,07692459279,,93250-5334,Ijui,RS,loja,2023-10-02,6681.5,30047.43,Nao,
1083,CARLA COSTA,83586505578,carla.costa@hotmail.com,55922307676,Passo Fundo,RS,Indicacao,2021-10-09,4871.6,65398.94,Nao,
1130,MARINA OLIVEIRA,67523341082,marina.oliveira@empresa.com.br,(11) 99759-8556,Sta. Maria,RS,Telefone,2023-11-03,2833.6,86623.34,Nao,
1415,MARINA COSTA,,marina.costa@empresa.com.br,55978616942,Santo Angelo,RS,loja,2024-08-25,4569.06,73770.04,Nao,
1286,BRUNO COSTA,38803061252,bruno.costa@empresa.com.br,97881-9190,Ijui,RS,Whatsapp,2022-09-23,2896.49,89842.25,Sim,
1123,Carla Martins,14042558225,carla.martins@outlook.com,54981324603,Santo Angelo,RS,Whatsapp,2024-08-31,13446.64,678.54,Sim,
1033,Ana Rocha,49668502739,ana.rocha@gmail.com,,porto alegre,RS,Whatsapp,2024-09-04,7386.08,84293.18,Sim,
1516,BRUNO SOUZA,99094398163,bruno.souza@gmail.com,94335-4063,Ijui,RS,loja,2025-09-05,7458.97,27020.97,Nao,
1019,FABIO PEREIRA,35493066683,fabio.pereira@outlook.com,(11) 94952-8831,Santo Angelo,RS,Whatsapp,2025-05-29,6761.63,,Sim,
1581,ELISA ROCHA,02103861905,,54 936813520 ramal 22,porto alegre,RS,Site,2024-12-12,12114.19,15073.03,Nao,
1219,Bruno Pereira,69611114817,bruno.pereira@gmail.com,51930298399,Ijui,RS,Whatsapp,2022-09-14,13040.09,83940.12,Sim,
1481,SERGIO PEREIRA,82092269459,sergio.pereira@gmail.com,,Santo Angelo,RS,loja,2023-03-29,14767.76,29168.92,Nao,
1356,Joao Rocha,12718297268,joao.rocha@gmail.com,11984904517,Santa Maria,RS,Whatsapp,2024-12-01,9916.87,54512.21,Nao,
1224,PAULO ALMEIDA,46470775807,paulo.almeida@outlook.com,11971127757,Ijui,RS,Indicacao,2021-12-15,766.91,87312.55,Nao,
1092,Tatiana Silva,85986365168,tatiana.silva@outlook.com,54994475897,Ijui,RS,Indicacao,2021-09-25,3470.2,32921.26,Sim,
1151,Heitor Oliveira,68973167506,heitor.oliveira@empresa.com.br,54 942818562 ramal 22,Santo Angelo,RS,Whatsapp,2024-03-23,8666.68,44773.59,Nao,
1317,Karina Santos,97577934573,karina.santos@outlook.com,,Passo Fundo,RS,Site,2023-05-05,2970.82,45220.71,Nao,
1448,ISABEL SILVA,58237886873,,54991789887,Ijui,RS,Indicacao,2023-09-21,11156.29,58595.24,Nao,
1522,Olivia Barbosa,22872439376,,11989700862,Ijui,RS,Whatsapp,2023-10-27,8146.32,16866.32,Nao,
1279,Vinicius Oliveira,69273434101,vinicius.oliveira@outlook.com,(54) 97415-1558,porto alegre,RS,Indicacao,2021-04-17,2022.09,28814.63,Sim,
1583,Gabriela Souza,24195640470,,(11) 98127-9307,porto alegre,RS,Whatsapp,2024-03-18,11277.98,20872.82,Nao,
1349,SERGIO PEREIRA,60128432653,sergio.pereira@hotmail.com,54 983382333 ramal 22,Santo Angelo,RS,Whatsapp,2025-10-07,,37685.89,Sim,
1374,Bruno Martins,35220703129,bruno.martins@hotmail.com,(55) 92580-8516,Santo Angelo,RS,Indicacao,2022-04-06,2728.6,87005.26,Nao,
1400,Nelson Santos,56294359596,,95051-2394,Santa Maria,RS,Whatsapp,2021-09-26,12935.94,82714.42,Sim,
1257,Fabio Pereira,35527726335,fabio.pereira@outlook.com,,Santa Maria,RS,Whatsapp,2025-11-17,11176.67,58000.63,Nao,
1072,Bruno Rodrigues,93978469501,,51931053516,Passo Fundo,RS,Site,2022-05-22,5561.03,39830.14,Nao,
1195,Lucas Ferreira,33687305014,lucas.ferreira@empresa.com.br,54918926243,Passo Fundo,RS,loja,2022-03-10,5400.11,86178.97,Nao,
1483,Ana Costa,,ana.costa@outlook.com,(11) 99528-9094,Passo Fundo,RS,loja,2023-04-11,,85656.62,Sim,
1137,Elisa Martins,53600395049,elisa.martins@gmail.com,(55) 93545-4595,Passo Fundo,RS,Site,2024-02-29,10298.93,69276.14,Nao,
1494,Renata Almeida,92085774078,renata.almeida@hotmail.com,98382-6198,Sta. Maria,RS,Whatsapp,2024-03-09,1123.67,34434.53,Sim,
1550,Diego Santos,67906517825,,92714-5836,Santa Maria,RS,Whatsapp,2025-05-10,8257.03,60806.54,Nao,
1462,KARINA SOUZA,37436273128,karina.souza@gmail.com,(54) 95877-0012,Passo Fundo,RS,Indicacao,2023-09-19,13613.25,13209.93,Sim,
1201,Tatiana Rocha,63179792190,tatiana.rocha@hotmail.com,51993753951,Ijui,RS,loja,2025-02-07,9287.85,36938.47,Nao,
1312,CARLA MARTINS,08197404978,carla.martins@outlook.com,55941521439,Ijui,RS,Indicacao,2024-03-23,636.47,2671.56,Sim,
1290,Vinicius Silva,45915475946,vinicius.silva@hotmail.com,(54) 92240-0997,Santa Maria,RS,Whatsapp,2021-10-21,11726.64,32276.02,Sim,
1189,Ana Ferreira,11346365976,ana.ferreira@gmail.com,55981976596,Ijui,RS,Whatsapp,2021-11-01,5073.45,40164.92,Nao,migrado 2019
1112,RENATA SANTOS,30727480798,renata.santos@gmail.com,(11) 91734-5589,Poa,RS,Site,2021-03-20,12226.56,2744.15,Sim,
1183,Renata Martins,40969407359,renata.martins@gmail.com,51954839690,Poa,RS,Indicacao,2025-04-08,4907.31,4061.56,Sim,
1152,Fabio Pereira,12794569825,fabio.pereira@outlook.com,,porto alegre,RS,Site,2023-11-09,4854.08,21979.42,Nao,
1325,Lucas Rocha,69710764921,lucas.rocha@empresa.com.br,11933098656,Ijui,RS,loja,2023-03-15,13017.43,50809.76,Sim,
1044,Lucas Souza,,lucas.souza@hotmail.com,(55) 99003-1449,Passo Fundo,RS,loja,2024-02-14,5523.44,81367.85,Sim,
1444,Fabio Santos,20362836554,fabio.santos@outlook.com,55905744400,Sta. Maria,RS,Whatsapp,2021-03-27,,62215.22,Sim,
1006,Ana Costa,95755131373,ana.costa@empresa.com.br,51975116372,Ijui,RS,Whatsapp,2024-06-19,11278.61,14297.04,Sim,
1250,Ana Rocha,18774889712,ana.rocha@hotmail.com,,Passo Fundo,RS,Indicacao,2024-06-03,6303.34,45704.11,Sim,
1075,Tatiana Costa,67385051494,tatiana.costa@gmail.com,,porto alegre,RS,Whatsapp,2022-04-20,12467.24,33167.32,Nao,
1512,JOAO SOUZA,64326966375,joao.souza@empresa.com.br,55947651491,Passo Fundo,RS,Site,2023-04-07,3127.26,35035.09,Nao,
1391,FABIO SILVA,23178203115,fabio.silva@hotmail.com,,Santo Angelo,RS,loja,2025-11-28,10900.56,7696.73,Sim,
1432,Isabel Martins,23519929358,,(11) 93833-1218,STO ANGELO,RS,Indicacao,2025-02-07,14938.14,69812.14,Sim,
1068,Olivia Silva,30292507469,,(51) 93693-6467,Santo Angelo,RS,loja,2024-07-31,5995.63,79407.16,Nao,
1167,Diego Santos,98241280093,diego.santos@empresa.com.br,(54) 93559-0255,Santo Angelo,RS,Indicacao,2022-06-01,1233.66,60442.33,Nao,
1554,Fabio Ferreira,46841601791,,51912352410,Sta. Maria,RS,Site,2025-05-20,13070.59,77717.89,Sim,
1366,Karina Costa,04118728451,karina.costa@empresa.com.br,55940830071,Santo Angelo,RS,Whatsapp,2022-06-16,10664.18,34627.67,Nao,
1345,Olivia Silva,44264304539,olivia.silva@outlook.com,(51) 99272-0543,Santa Maria,RS,Site,2021-03-05,8256.98,51440.54,Nao,
1584,OLIVIA SILVA,68318379049,olivia.silva@empresa.com.br,51995048520,Ijui,RS,loja,2025-03-08,4395.52,14462.12,Nao,
1535,LUCAS MARTINS,37480145308,,55976679204,Passo Fundo,RS,Whatsapp,2023-07-11,7984.39,80033.86,Nao,
1398,Joao Barbosa,92455173855,joao.barbosa@gmail.com,(55) 93047-7243,Santa Maria,RS,Whatsapp,2022-07-21,5698.14,53991.05,Nao,
1185,Karina Pereira,24809178271,karina.pereira@hotmail.com,,porto alegre,RS,Whatsapp,2025-01-16,6192.42,60882.98,Sim,
1348,Paulo Ferreira,95542784729,,97565-4771,Santo Angelo,RS,loja,2025-10-19,1237.4,40561.72,Sim,
1211,Diego Ferreira,80723459915,diego.ferreira@outlook.com,99155-5422,Santo Angelo,RS,Whatsapp,2024-02-10,11129.12,84294.86,Nao,
1579,Vinicius Ferreira,09693464717,vinicius.ferreira@gmail.com,11 910364106 ramal 22,Sta. Maria,RS,Whatsapp,2022-05-08,1376.61,56789.31,Nao,
1502,Joao Souza,34368981187,,(54) 96985-6039,Passo Fundo,RS,Indicacao,2024-09-06,3128.67,85287.96,Sim,
1537,Renata Almeida,28289174422,renata.almeida@gmail.com,,Passo Fundo,RS,Indicacao,2025-03-27,4788.26,22874.95,Sim,migrado 2019
1196,Paulo Souza,73915213855,paulo.souza@empresa.com.br,,Santa Maria,RS,loja,2022-11-10,12958.68,38256.7,Nao,
1175,Isabel Souza,61097497111,isabel.souza@gmail.com,55927100283,porto alegre,RS,Indicacao,2022-10-10,2485.77,37518.05,Nao,
